This file contains any messages produced by compilers while
running configure, to aid debugging if configure makes a mistake.

It was created by SystemC configure 3.0.2, which was
generated by GNU Autoconf 2.71.  Invocation command line was

  $ ../configure --prefix=/usr/local/systemc

## --------- ##
## Platform. ##
## --------- ##

hostname = derekhome
uname -m = x86_64
uname -r = 6.8.0-90-generic
uname -s = Linux
uname -v = #91~22.04.1-Ubuntu SMP PREEMPT_DYNAMIC Thu Nov 20 15:20:45 UTC 2

/usr/bin/uname -p = x86_64
/bin/uname -X     = unknown

/bin/arch              = x86_64
/usr/bin/arch -k       = unknown
/usr/convex/getsysinfo = unknown
/usr/bin/hostinfo      = unknown
/bin/machine           = unknown
/usr/bin/oslevel       = unknown
/bin/universe          = unknown

PATH: /home/derek/.vscode-server/data/User/globalStorage/github.copilot-chat/debugCommand/
PATH: /home/derek/.vscode-server/data/User/globalStorage/github.copilot-chat/copilotCli/
PATH: /home/derek/.vscode-server/cli/servers/Stable-994fd12f8d3a5aa16f17d42c041e5809167e845a/server/bin/remote-cli/
PATH: /usr/local/sbin/
PATH: /usr/local/bin/
PATH: /usr/sbin/
PATH: /usr/bin/
PATH: /sbin/
PATH: /bin/
PATH: /usr/games/
PATH: /usr/local/games/
PATH: /snap/bin/


## ----------- ##
## Core tests. ##
## ----------- ##

configure:2785: looking for aux files: ltmain.sh ar-lib compile missing install-sh config.guess config.sub
configure:2798:  trying ../config/
configure:2827:   ../config/ltmain.sh found
configure:2827:   ../config/ar-lib found
configure:2827:   ../config/compile found
configure:2827:   ../config/missing found
configure:2809:   ../config/install-sh found
configure:2827:   ../config/config.guess found
configure:2827:   ../config/config.sub found
configure:2953: checking build system type
configure:2968: result: x86_64-unknown-linux-gnu
configure:2988: checking host system type
configure:3002: result: x86_64-unknown-linux-gnu
configure:3022: checking target system type
configure:3036: result: x86_64-unknown-linux-gnu
configure:3079: checking for a BSD-compatible install
configure:3152: result: /usr/bin/install -c
configure:3163: checking whether build environment is sane
configure:3218: result: yes
configure:3377: checking for a race-free mkdir -p
configure:3421: result: /usr/bin/mkdir -p
configure:3428: checking for gawk
configure:3449: found /usr/bin/gawk
configure:3460: result: gawk
configure:3471: checking whether make sets $(MAKE)
configure:3494: result: yes
configure:3524: checking whether make supports nested variables
configure:3542: result: yes
configure:3612: checking how to create a pax tar archive
configure:3623: tar --version
tar (GNU tar) 1.34
Copyright (C) 2021 Free Software Foundation, Inc.
License GPLv3+: GNU GPL version 3 or later <https://gnu.org/licenses/gpl.html>.
This is free software: you are free to change and redistribute it.
There is NO WARRANTY, to the extent permitted by law.

Written by John Gilmore and Jay Fenlason.
configure:3626: $? = 0
configure:3666: tardir=conftest.dir && eval tar --format=posix -chf - "$tardir" >conftest.tar
configure:3669: $? = 0
configure:3673: tar -xf - <conftest.tar
configure:3676: $? = 0
configure:3678: cat conftest.dir/file
GrepMe
configure:3681: $? = 0
configure:3695: result: gnutar
configure:3772: checking whether make supports nested variables
configure:3790: result: yes
configure:3875: checking for g++
configure:3896: found /usr/bin/g++
configure:3907: result: g++
configure:3934: checking for C++ compiler version
configure:3943: g++ --version >&5
g++ (Ubuntu 11.4.0-1ubuntu1~22.04.2) 11.4.0
Copyright (C) 2021 Free Software Foundation, Inc.
This is free software; see the source for copying conditions.  There is NO
warranty; not even for MERCHANTABILITY or FITNESS FOR A PARTICULAR PURPOSE.

configure:3954: $? = 0
configure:3943: g++ -v >&5
Using built-in specs.
COLLECT_GCC=g++
COLLECT_LTO_WRAPPER=/usr/lib/gcc/x86_64-linux-gnu/11/lto-wrapper
OFFLOAD_TARGET_NAMES=nvptx-none:amdgcn-amdhsa
OFFLOAD_TARGET_DEFAULT=1
Target: x86_64-linux-gnu
Configured with: ../src/configure -v --with-pkgversion='Ubuntu 11.4.0-1ubuntu1~22.04.2' --with-bugurl=file:///usr/share/doc/gcc-11/README.Bugs --enable-languages=c,ada,c++,go,brig,d,fortran,objc,obj-c++,m2 --prefix=/usr --with-gcc-major-version-only --program-suffix=-11 --program-prefix=x86_64-linux-gnu- --enable-shared --enable-linker-build-id --libexecdir=/usr/lib --without-included-gettext --enable-threads=posix --libdir=/usr/lib --enable-nls --enable-bootstrap --enable-clocale=gnu --enable-libstdcxx-debug --enable-libstdcxx-time=yes --with-default-libstdcxx-abi=new --enable-gnu-unique-object --disable-vtable-verify --enable-plugin --enable-default-pie --with-system-zlib --enable-libphobos-checking=release --with-target-system-zlib=auto --enable-objc-gc=auto --enable-multiarch --disable-werror --enable-cet --with-arch-32=i686 --with-abi=m64 --with-multilib-list=m32,m64,mx32 --enable-multilib --with-tune=generic --enable-offload-targets=nvptx-none=/build/gcc-11-2Y5pKs/gcc-11-11.4.0/debian/tmp-nvptx/usr,amdgcn-amdhsa=/build/gcc-11-2Y5pKs/gcc-11-11.4.0/debian/tmp-gcn/usr --without-cuda-driver --enable-checking=release --build=x86_64-linux-gnu --host=x86_64-linux-gnu --target=x86_64-linux-gnu --with-build-config=bootstrap-lto-lean --enable-link-serialization=2
Thread model: posix
Supported LTO compression algorithms: zlib zstd
gcc version 11.4.0 (Ubuntu 11.4.0-1ubuntu1~22.04.2) 
... rest of stderr output deleted ...
configure:3954: $? = 0
configure:3943: g++ -V >&5
g++: error: unrecognized command-line option '-V'
g++: fatal error: no input files
compilation terminated.
configure:3954: $? = 1
configure:3943: g++ -qversion >&5
g++: error: unrecognized command-line option '-qversion'; did you mean '--version'?
g++: fatal error: no input files
compilation terminated.
configure:3954: $? = 1
configure:3974: checking whether the C++ compiler works
configure:3996: g++    conftest.cpp  >&5
configure:4000: $? = 0
configure:4050: result: yes
configure:4053: checking for C++ compiler default output file name
configure:4055: result: a.out
configure:4061: checking for suffix of executables
configure:4068: g++ -o conftest    conftest.cpp  >&5
configure:4072: $? = 0
configure:4095: result: 
configure:4117: checking whether we are cross compiling
configure:4125: g++ -o conftest    conftest.cpp  >&5
configure:4129: $? = 0
configure:4136: ./conftest
configure:4140: $? = 0
configure:4155: result: no
configure:4160: checking for suffix of object files
configure:4183: g++ -c   conftest.cpp >&5
configure:4187: $? = 0
configure:4209: result: o
configure:4213: checking whether the compiler supports GNU C++
configure:4233: g++ -c   conftest.cpp >&5
configure:4233: $? = 0
configure:4243: result: yes
configure:4254: checking whether g++ accepts -g
configure:4275: g++ -c -g  conftest.cpp >&5
configure:4275: $? = 0
configure:4319: result: yes
configure:4339: checking for g++ option to enable C++11 features
configure:4354: g++  -c   conftest.cpp >&5
conftest.cpp: In function 'int main(int, char**)':
conftest.cpp:175:25: warning: empty parentheses were disambiguated as a function declaration [-Wvexing-parse]
  175 |   cxx11test::delegate d2();
      |                         ^~
conftest.cpp:175:25: note: remove parentheses to default-initialize a variable
  175 |   cxx11test::delegate d2();
      |                         ^~
      |                         --
conftest.cpp:175:25: note: or replace parentheses with braces to value-initialize a variable
configure:4354: $? = 0
configure:4372: result: none needed
configure:4439: checking whether make supports the include directive
configure:4454: make -f confmf.GNU && cat confinc.out
this is the am__doit target
configure:4457: $? = 0
configure:4476: result: yes (GNU style)
configure:4502: checking dependency style of g++
configure:4614: result: gcc3
configure:4633: checking whether we are using a Clang/LLVM C++ compiler
configure:4660: g++ -c   conftest.cpp >&5
conftest.cpp: In function 'int main()':
conftest.cpp:15:5: error: 'clang' was not declared in this scope
   15 | not clang
      |     ^~~~~
configure:4660: $? = 1
configure: failed program was:
| /* confdefs.h */
| #define PACKAGE_NAME "SystemC"
| #define PACKAGE_TARNAME "systemc"
| #define PACKAGE_VERSION "3.0.2"
| #define PACKAGE_STRING "SystemC 3.0.2"
| #define PACKAGE_BUGREPORT "http://forums.accellera.org/forum/9-systemc/"
| #define PACKAGE_URL "http://accellera.org/"
| /* end confdefs.h.  */
| 
| int
| main (void)
| {
| 
| #ifndef __clang__
| not clang
| #endif
| 
|   ;
|   return 0;
| }
configure:4674: result: no
configure:4740: checking for gcc
configure:4772: result: g++
configure:5125: checking for C compiler version
configure:5134: g++ --version >&5
g++ (Ubuntu 11.4.0-1ubuntu1~22.04.2) 11.4.0
Copyright (C) 2021 Free Software Foundation, Inc.
This is free software; see the source for copying conditions.  There is NO
warranty; not even for MERCHANTABILITY or FITNESS FOR A PARTICULAR PURPOSE.

configure:5145: $? = 0
configure:5134: g++ -v >&5
Using built-in specs.
COLLECT_GCC=g++
COLLECT_LTO_WRAPPER=/usr/lib/gcc/x86_64-linux-gnu/11/lto-wrapper
OFFLOAD_TARGET_NAMES=nvptx-none:amdgcn-amdhsa
OFFLOAD_TARGET_DEFAULT=1
Target: x86_64-linux-gnu
Configured with: ../src/configure -v --with-pkgversion='Ubuntu 11.4.0-1ubuntu1~22.04.2' --with-bugurl=file:///usr/share/doc/gcc-11/README.Bugs --enable-languages=c,ada,c++,go,brig,d,fortran,objc,obj-c++,m2 --prefix=/usr --with-gcc-major-version-only --program-suffix=-11 --program-prefix=x86_64-linux-gnu- --enable-shared --enable-linker-build-id --libexecdir=/usr/lib --without-included-gettext --enable-threads=posix --libdir=/usr/lib --enable-nls --enable-bootstrap --enable-clocale=gnu --enable-libstdcxx-debug --enable-libstdcxx-time=yes --with-default-libstdcxx-abi=new --enable-gnu-unique-object --disable-vtable-verify --enable-plugin --enable-default-pie --with-system-zlib --enable-libphobos-checking=release --with-target-system-zlib=auto --enable-objc-gc=auto --enable-multiarch --disable-werror --enable-cet --with-arch-32=i686 --with-abi=m64 --with-multilib-list=m32,m64,mx32 --enable-multilib --with-tune=generic --enable-offload-targets=nvptx-none=/build/gcc-11-2Y5pKs/gcc-11-11.4.0/debian/tmp-nvptx/usr,amdgcn-amdhsa=/build/gcc-11-2Y5pKs/gcc-11-11.4.0/debian/tmp-gcn/usr --without-cuda-driver --enable-checking=release --build=x86_64-linux-gnu --host=x86_64-linux-gnu --target=x86_64-linux-gnu --with-build-config=bootstrap-lto-lean --enable-link-serialization=2
Thread model: posix
Supported LTO compression algorithms: zlib zstd
gcc version 11.4.0 (Ubuntu 11.4.0-1ubuntu1~22.04.2) 
... rest of stderr output deleted ...
configure:5145: $? = 0
configure:5134: g++ -V >&5
g++: error: unrecognized command-line option '-V'
g++: fatal error: no input files
compilation terminated.
configure:5145: $? = 1
configure:5134: g++ -qversion >&5
g++: error: unrecognized command-line option '-qversion'; did you mean '--version'?
g++: fatal error: no input files
compilation terminated.
configure:5145: $? = 1
configure:5134: g++ -version >&5
g++: error: unrecognized command-line option '-version'
g++: fatal error: no input files
compilation terminated.
configure:5145: $? = 1
configure:5149: checking whether the compiler supports GNU C
configure:5169: g++ -c   conftest.c >&5
configure:5169: $? = 0
configure:5179: result: yes
configure:5190: checking whether g++ accepts -g
configure:5211: g++ -c -g  conftest.c >&5
configure:5211: $? = 0
configure:5255: result: yes
configure:5275: checking for g++ option to enable C11 features
configure:5290: g++  -c   conftest.c >&5
conftest.c:61:3: error: #error "Compiler does not advertise C99 conformance"
   61 | # error "Compiler does not advertise C99 conformance"
      |   ^~~~~
conftest.c:165:3: error: #error "Compiler does not advertise C11 conformance"
  165 | # error "Compiler does not advertise C11 conformance"
      |   ^~~~~
conftest.c:23:17: error: 'p' was not declared in this scope
   23 | static char *e (p, i)
      |                 ^
conftest.c:23:20: error: 'i' was not declared in this scope
   23 | static char *e (p, i)
      |                    ^
conftest.c:23:21: error: expression list treated as compound expression in initializer [-fpermissive]
   23 | static char *e (p, i)
      |                     ^
conftest.c:26:1: error: expected unqualified-id before '{' token
   26 | {
      | ^
conftest.c:116:29: error: expected ',' or '...' before 'text'
  116 | test_restrict (ccp restrict text)
      |                             ^~~~
conftest.c: In function 'int test_restrict(ccp)':
conftest.c:121:30: error: 'text' was not declared in this scope; did you mean 'test'?
  121 |   for (unsigned int i = 0; *(text+i) != '\0'; ++i)
      |                              ^~~~
      |                              test
conftest.c: At global scope:
conftest.c:169:24: error: expected initializer before 'aligned_as_double'
  169 | char _Alignas (double) aligned_as_double;
      |                        ^~~~~~~~~~~~~~~~~
conftest.c:170:19: error: expected ',' or ';' before 'no_special_alignment'
  170 | char _Alignas (0) no_special_alignment;
      |                   ^~~~~~~~~~~~~~~~~~~~
conftest.c:172:6: error: redefinition of 'char _Alignas'
  172 | char _Alignas (0) _Alignas (int) aligned_as_int;
      |      ^~~~~~~~
conftest.c:170:6: note: 'char _Alignas' previously defined here
  170 | char _Alignas (0) no_special_alignment;
      |      ^~~~~~~~
conftest.c:177:29: error: expected primary-expression before 'int'
  177 |   int_alignment = _Alignof (int),
      |                             ^~~
conftest.c:177:19: error: '_Alignof' was not declared in this scope; did you mean '_Alignas'?
  177 |   int_alignment = _Alignof (int),
      |                   ^~~~~~~~
      |                   _Alignas
conftest.c:178:35: error: expected primary-expression before 'int'
  178 |   int_array_alignment = _Alignof (int[100]),
      |                                   ^~~
conftest.c:178:25: error: '_Alignof' was not declared in this scope; did you mean '_Alignas'?
  178 |   int_array_alignment = _Alignof (int[100]),
      |                         ^~~~~~~~
      |                         _Alignas
conftest.c:179:30: error: expected primary-expression before 'char'
  179 |   char_alignment = _Alignof (char)
      |                              ^~~~
conftest.c:179:20: error: '_Alignof' was not declared in this scope; did you mean '_Alignas'?
  179 |   char_alignment = _Alignof (char)
      |                    ^~~~~~~~
      |                    _Alignas
conftest.c:181:16: error: expected constructor, destructor, or type conversion before '(' token
  181 | _Static_assert (0 < -_Alignof (int), "_Alignof is signed");
      |                ^
conftest.c:184:15: error: expected initializer before 'does_not_return'
  184 | int _Noreturn does_not_return (void) { for (;;) continue; }
      |               ^~~~~~~~~~~~~~~
conftest.c:190:19: error: expected identifier before 'sizeof'
  190 |   _Static_assert (sizeof (int) <= sizeof (long int),
      |                   ^~~~~~
conftest.c:190:19: error: expected ',' or '...' before 'sizeof'
conftest.c:190:3: error: ISO C++ forbids declaration of '_Static_assert' with no type [-fpermissive]
  190 |   _Static_assert (sizeof (int) <= sizeof (long int),
      |   ^~~~~~~~~~~~~~
conftest.c: In function 'int main(int, char**)':
conftest.c:220:24: error: cannot convert 'char*' to 'char* (*)(char**, int)'
  220 | ok |= (argc == 0 || f (e, argv, 0) != argv[0] || f (e, argv, 1) != argv[1]);
      |                        ^
      |                        |
      |                        char*
conftest.c:29:26: note:   initializing argument 1 of 'char* f(char* (*)(char**, int), char**, ...)'
   29 | static char *f (char * (*g) (char **, int), char **p, ...)
      |                 ~~~~~~~~~^~~~~~~~~~~~~~~~~
conftest.c:220:53: error: cannot convert 'char*' to 'char* (*)(char**, int)'
  220 | ok |= (argc == 0 || f (e, argv, 0) != argv[0] || f (e, argv, 1) != argv[1]);
      |                                                     ^
      |                                                     |
      |                                                     char*
conftest.c:29:26: note:   initializing argument 1 of 'char* f(char* (*)(char**, int), char**, ...)'
   29 | static char *f (char * (*g) (char **, int), char **p, ...)
      |                 ~~~~~~~~~^~~~~~~~~~~~~~~~~
conftest.c:230:18: error: expected initializer before 'newvar'
  230 |   char *restrict newvar = "Another string";
      |                  ^~~~~~
conftest.c:238:12: error: invalid conversion from 'void*' to 'incomplete_array*' [-fpermissive]
  238 |     malloc (sizeof (struct incomplete_array) + (sizeof (double) * 10));
      |     ~~~~~~~^~~~~~~~~~~~~~~~~~~~~~~~~~~~~~~~~~~~~~~~~~~~~~~~~~~~~~~~~~~
      |            |
      |            void*
conftest.c:257:58: error: 'newvar' was not declared in this scope
  257 |   ok |= (!success || bignum == 0LL || ubignum == 0uLL || newvar[0] == 'x'
      |                                                          ^~~~~~
conftest.c:261:3: error: '_Static_assert' was not declared in this scope; did you mean 'static_assert'?
  261 |   _Static_assert ((offsetof (struct anonymous, i)
      |   ^~~~~~~~~~~~~~
      |   static_assert
configure:5290: $? = 1
configure: failed program was:
| /* confdefs.h */
| #define PACKAGE_NAME "SystemC"
| #define PACKAGE_TARNAME "systemc"
| #define PACKAGE_VERSION "3.0.2"
| #define PACKAGE_STRING "SystemC 3.0.2"
| #define PACKAGE_BUGREPORT "http://forums.accellera.org/forum/9-systemc/"
| #define PACKAGE_URL "http://accellera.org/"
| /* end confdefs.h.  */
| 
| /* Does the compiler advertise C89 conformance?
|    Do not test the value of __STDC__, because some compilers set it to 0
|    while being otherwise adequately conformant. */
| #if !defined __STDC__
| # error "Compiler does not advertise C89 conformance"
| #endif
| 
| #include <stddef.h>
| #include <stdarg.h>
| struct stat;
| /* Most of the following tests are stolen from RCS 5.7 src/conf.sh.  */
| struct buf { int x; };
| struct buf * (*rcsopen) (struct buf *, struct stat *, int);
| static char *e (p, i)
|      char **p;
|      int i;
| {
|   return p[i];
| }
| static char *f (char * (*g) (char **, int), char **p, ...)
| {
|   char *s;
|   va_list v;
|   va_start (v,p);
|   s = g (p, va_arg (v,int));
|   va_end (v);
|   return s;
| }
| 
| /* OSF 4.0 Compaq cc is some sort of almost-ANSI by default.  It has
|    function prototypes and stuff, but not \xHH hex character constants.
|    These do not provoke an error unfortunately, instead are silently treated
|    as an "x".  The following induces an error, until -std is added to get
|    proper ANSI mode.  Curiously \x00 != x always comes out true, for an
|    array size at least.  It is necessary to write \x00 == 0 to get something
|    that is true only with -std.  */
| int osf4_cc_array ['\x00' == 0 ? 1 : -1];
| 
| /* IBM C 6 for AIX is almost-ANSI by default, but it replaces macro parameters
|    inside strings and character constants.  */
| #define FOO(x) 'x'
| int xlc6_cc_array[FOO(a) == 'x' ? 1 : -1];
| 
| int test (int i, double x);
| struct s1 {int (*f) (int a);};
| struct s2 {int (*f) (double a);};
| int pairnames (int, char **, int *(*)(struct buf *, struct stat *, int),
|                int, int);
| 
| // Does the compiler advertise C99 conformance?
| #if !defined __STDC_VERSION__ || __STDC_VERSION__ < 199901L
| # error "Compiler does not advertise C99 conformance"
| #endif
| 
| #include <stdbool.h>
| extern int puts (const char *);
| extern int printf (const char *, ...);
| extern int dprintf (int, const char *, ...);
| extern void *malloc (size_t);
| 
| // Check varargs macros.  These examples are taken from C99 6.10.3.5.
| // dprintf is used instead of fprintf to avoid needing to declare
| // FILE and stderr.
| #define debug(...) dprintf (2, __VA_ARGS__)
| #define showlist(...) puts (#__VA_ARGS__)
| #define report(test,...) ((test) ? puts (#test) : printf (__VA_ARGS__))
| static void
| test_varargs_macros (void)
| {
|   int x = 1234;
|   int y = 5678;
|   debug ("Flag");
|   debug ("X = %d\n", x);
|   showlist (The first, second, and third items.);
|   report (x>y, "x is %d but y is %d", x, y);
| }
| 
| // Check long long types.
| #define BIG64 18446744073709551615ull
| #define BIG32 4294967295ul
| #define BIG_OK (BIG64 / BIG32 == 4294967297ull && BIG64 % BIG32 == 0)
| #if !BIG_OK
|   #error "your preprocessor is broken"
| #endif
| #if BIG_OK
| #else
|   #error "your preprocessor is broken"
| #endif
| static long long int bignum = -9223372036854775807LL;
| static unsigned long long int ubignum = BIG64;
| 
| struct incomplete_array
| {
|   int datasize;
|   double data[];
| };
| 
| struct named_init {
|   int number;
|   const wchar_t *name;
|   double average;
| };
| 
| typedef const char *ccp;
| 
| static inline int
| test_restrict (ccp restrict text)
| {
|   // See if C++-style comments work.
|   // Iterate through items via the restricted pointer.
|   // Also check for declarations in for loops.
|   for (unsigned int i = 0; *(text+i) != '\0'; ++i)
|     continue;
|   return 0;
| }
| 
| // Check varargs and va_copy.
| static bool
| test_varargs (const char *format, ...)
| {
|   va_list args;
|   va_start (args, format);
|   va_list args_copy;
|   va_copy (args_copy, args);
| 
|   const char *str = "";
|   int number = 0;
|   float fnumber = 0;
| 
|   while (*format)
|     {
|       switch (*format++)
| 	{
| 	case 's': // string
| 	  str = va_arg (args_copy, const char *);
| 	  break;
| 	case 'd': // int
| 	  number = va_arg (args_copy, int);
| 	  break;
| 	case 'f': // float
| 	  fnumber = va_arg (args_copy, double);
| 	  break;
| 	default:
| 	  break;
| 	}
|     }
|   va_end (args_copy);
|   va_end (args);
| 
|   return *str && number && fnumber;
| }
| 
| 
| // Does the compiler advertise C11 conformance?
| #if !defined __STDC_VERSION__ || __STDC_VERSION__ < 201112L
| # error "Compiler does not advertise C11 conformance"
| #endif
| 
| // Check _Alignas.
| char _Alignas (double) aligned_as_double;
| char _Alignas (0) no_special_alignment;
| extern char aligned_as_int;
| char _Alignas (0) _Alignas (int) aligned_as_int;
| 
| // Check _Alignof.
| enum
| {
|   int_alignment = _Alignof (int),
|   int_array_alignment = _Alignof (int[100]),
|   char_alignment = _Alignof (char)
| };
| _Static_assert (0 < -_Alignof (int), "_Alignof is signed");
| 
| // Check _Noreturn.
| int _Noreturn does_not_return (void) { for (;;) continue; }
| 
| // Check _Static_assert.
| struct test_static_assert
| {
|   int x;
|   _Static_assert (sizeof (int) <= sizeof (long int),
|                   "_Static_assert does not work in struct");
|   long int y;
| };
| 
| // Check UTF-8 literals.
| #define u8 syntax error!
| char const utf8_literal[] = u8"happens to be ASCII" "another string";
| 
| // Check duplicate typedefs.
| typedef long *long_ptr;
| typedef long int *long_ptr;
| typedef long_ptr long_ptr;
| 
| // Anonymous structures and unions -- taken from C11 6.7.2.1 Example 1.
| struct anonymous
| {
|   union {
|     struct { int i; int j; };
|     struct { int k; long int l; } w;
|   };
|   int m;
| } v1;
| 
| 
| int
| main (int argc, char **argv)
| {
|   int ok = 0;
|   
| ok |= (argc == 0 || f (e, argv, 0) != argv[0] || f (e, argv, 1) != argv[1]);
| 
|   
|   // Check bool.
|   _Bool success = false;
|   success |= (argc != 0);
| 
|   // Check restrict.
|   if (test_restrict ("String literal") == 0)
|     success = true;
|   char *restrict newvar = "Another string";
| 
|   // Check varargs.
|   success &= test_varargs ("s, d' f .", "string", 65, 34.234);
|   test_varargs_macros ();
| 
|   // Check flexible array members.
|   struct incomplete_array *ia =
|     malloc (sizeof (struct incomplete_array) + (sizeof (double) * 10));
|   ia->datasize = 10;
|   for (int i = 0; i < ia->datasize; ++i)
|     ia->data[i] = i * 1.234;
| 
|   // Check named initializers.
|   struct named_init ni = {
|     .number = 34,
|     .name = L"Test wide string",
|     .average = 543.34343,
|   };
| 
|   ni.number = 58;
| 
|   int dynamic_array[ni.number];
|   dynamic_array[0] = argv[0][0];
|   dynamic_array[ni.number - 1] = 543;
| 
|   // work around unused variable warnings
|   ok |= (!success || bignum == 0LL || ubignum == 0uLL || newvar[0] == 'x'
| 	 || dynamic_array[ni.number - 1] != 543);
| 
|   
|   _Static_assert ((offsetof (struct anonymous, i)
| 		   == offsetof (struct anonymous, w.k)),
| 		  "Anonymous union alignment botch");
|   v1.i = 2;
|   v1.w.k = 5;
|   ok |= v1.i != 5;
| 
|   return ok;
| }
| 
configure:5290: g++ -std=gnu11 -c   conftest.c >&5
cc1plus: warning: command-line option '-std=gnu11' is valid for C/ObjC but not for C++
conftest.c:61:3: error: #error "Compiler does not advertise C99 conformance"
   61 | # error "Compiler does not advertise C99 conformance"
      |   ^~~~~
conftest.c:165:3: error: #error "Compiler does not advertise C11 conformance"
  165 | # error "Compiler does not advertise C11 conformance"
      |   ^~~~~
conftest.c:23:17: error: 'p' was not declared in this scope
   23 | static char *e (p, i)
      |                 ^
conftest.c:23:20: error: 'i' was not declared in this scope
   23 | static char *e (p, i)
      |                    ^
conftest.c:23:21: error: expression list treated as compound expression in initializer [-fpermissive]
   23 | static char *e (p, i)
      |                     ^
conftest.c:26:1: error: expected unqualified-id before '{' token
   26 | {
      | ^
conftest.c:116:29: error: expected ',' or '...' before 'text'
  116 | test_restrict (ccp restrict text)
      |                             ^~~~
conftest.c: In function 'int test_restrict(ccp)':
conftest.c:121:30: error: 'text' was not declared in this scope; did you mean 'test'?
  121 |   for (unsigned int i = 0; *(text+i) != '\0'; ++i)
      |                              ^~~~
      |                              test
conftest.c: At global scope:
conftest.c:169:24: error: expected initializer before 'aligned_as_double'
  169 | char _Alignas (double) aligned_as_double;
      |                        ^~~~~~~~~~~~~~~~~
conftest.c:170:19: error: expected ',' or ';' before 'no_special_alignment'
  170 | char _Alignas (0) no_special_alignment;
      |                   ^~~~~~~~~~~~~~~~~~~~
conftest.c:172:6: error: redefinition of 'char _Alignas'
  172 | char _Alignas (0) _Alignas (int) aligned_as_int;
      |      ^~~~~~~~
conftest.c:170:6: note: 'char _Alignas' previously defined here
  170 | char _Alignas (0) no_special_alignment;
      |      ^~~~~~~~
conftest.c:177:29: error: expected primary-expression before 'int'
  177 |   int_alignment = _Alignof (int),
      |                             ^~~
conftest.c:177:19: error: '_Alignof' was not declared in this scope; did you mean '_Alignas'?
  177 |   int_alignment = _Alignof (int),
      |                   ^~~~~~~~
      |                   _Alignas
conftest.c:178:35: error: expected primary-expression before 'int'
  178 |   int_array_alignment = _Alignof (int[100]),
      |                                   ^~~
conftest.c:178:25: error: '_Alignof' was not declared in this scope; did you mean '_Alignas'?
  178 |   int_array_alignment = _Alignof (int[100]),
      |                         ^~~~~~~~
      |                         _Alignas
conftest.c:179:30: error: expected primary-expression before 'char'
  179 |   char_alignment = _Alignof (char)
      |                              ^~~~
conftest.c:179:20: error: '_Alignof' was not declared in this scope; did you mean '_Alignas'?
  179 |   char_alignment = _Alignof (char)
      |                    ^~~~~~~~
      |                    _Alignas
conftest.c:181:16: error: expected constructor, destructor, or type conversion before '(' token
  181 | _Static_assert (0 < -_Alignof (int), "_Alignof is signed");
      |                ^
conftest.c:184:15: error: expected initializer before 'does_not_return'
  184 | int _Noreturn does_not_return (void) { for (;;) continue; }
      |               ^~~~~~~~~~~~~~~
conftest.c:190:19: error: expected identifier before 'sizeof'
  190 |   _Static_assert (sizeof (int) <= sizeof (long int),
      |                   ^~~~~~
conftest.c:190:19: error: expected ',' or '...' before 'sizeof'
conftest.c:190:3: error: ISO C++ forbids declaration of '_Static_assert' with no type [-fpermissive]
  190 |   _Static_assert (sizeof (int) <= sizeof (long int),
      |   ^~~~~~~~~~~~~~
conftest.c: In function 'int main(int, char**)':
conftest.c:220:24: error: cannot convert 'char*' to 'char* (*)(char**, int)'
  220 | ok |= (argc == 0 || f (e, argv, 0) != argv[0] || f (e, argv, 1) != argv[1]);
      |                        ^
      |                        |
      |                        char*
conftest.c:29:26: note:   initializing argument 1 of 'char* f(char* (*)(char**, int), char**, ...)'
   29 | static char *f (char * (*g) (char **, int), char **p, ...)
      |                 ~~~~~~~~~^~~~~~~~~~~~~~~~~
conftest.c:220:53: error: cannot convert 'char*' to 'char* (*)(char**, int)'
  220 | ok |= (argc == 0 || f (e, argv, 0) != argv[0] || f (e, argv, 1) != argv[1]);
      |                                                     ^
      |                                                     |
      |                                                     char*
conftest.c:29:26: note:   initializing argument 1 of 'char* f(char* (*)(char**, int), char**, ...)'
   29 | static char *f (char * (*g) (char **, int), char **p, ...)
      |                 ~~~~~~~~~^~~~~~~~~~~~~~~~~
conftest.c:230:18: error: expected initializer before 'newvar'
  230 |   char *restrict newvar = "Another string";
      |                  ^~~~~~
conftest.c:238:12: error: invalid conversion from 'void*' to 'incomplete_array*' [-fpermissive]
  238 |     malloc (sizeof (struct incomplete_array) + (sizeof (double) * 10));
      |     ~~~~~~~^~~~~~~~~~~~~~~~~~~~~~~~~~~~~~~~~~~~~~~~~~~~~~~~~~~~~~~~~~~
      |            |
      |            void*
conftest.c:257:58: error: 'newvar' was not declared in this scope
  257 |   ok |= (!success || bignum == 0LL || ubignum == 0uLL || newvar[0] == 'x'
      |                                                          ^~~~~~
conftest.c:261:3: error: '_Static_assert' was not declared in this scope; did you mean 'static_assert'?
  261 |   _Static_assert ((offsetof (struct anonymous, i)
      |   ^~~~~~~~~~~~~~
      |   static_assert
configure:5290: $? = 1
configure: failed program was:
| /* confdefs.h */
| #define PACKAGE_NAME "SystemC"
| #define PACKAGE_TARNAME "systemc"
| #define PACKAGE_VERSION "3.0.2"
| #define PACKAGE_STRING "SystemC 3.0.2"
| #define PACKAGE_BUGREPORT "http://forums.accellera.org/forum/9-systemc/"
| #define PACKAGE_URL "http://accellera.org/"
| /* end confdefs.h.  */
| 
| /* Does the compiler advertise C89 conformance?
|    Do not test the value of __STDC__, because some compilers set it to 0
|    while being otherwise adequately conformant. */
| #if !defined __STDC__
| # error "Compiler does not advertise C89 conformance"
| #endif
| 
| #include <stddef.h>
| #include <stdarg.h>
| struct stat;
| /* Most of the following tests are stolen from RCS 5.7 src/conf.sh.  */
| struct buf { int x; };
| struct buf * (*rcsopen) (struct buf *, struct stat *, int);
| static char *e (p, i)
|      char **p;
|      int i;
| {
|   return p[i];
| }
| static char *f (char * (*g) (char **, int), char **p, ...)
| {
|   char *s;
|   va_list v;
|   va_start (v,p);
|   s = g (p, va_arg (v,int));
|   va_end (v);
|   return s;
| }
| 
| /* OSF 4.0 Compaq cc is some sort of almost-ANSI by default.  It has
|    function prototypes and stuff, but not \xHH hex character constants.
|    These do not provoke an error unfortunately, instead are silently treated
|    as an "x".  The following induces an error, until -std is added to get
|    proper ANSI mode.  Curiously \x00 != x always comes out true, for an
|    array size at least.  It is necessary to write \x00 == 0 to get something
|    that is true only with -std.  */
| int osf4_cc_array ['\x00' == 0 ? 1 : -1];
| 
| /* IBM C 6 for AIX is almost-ANSI by default, but it replaces macro parameters
|    inside strings and character constants.  */
| #define FOO(x) 'x'
| int xlc6_cc_array[FOO(a) == 'x' ? 1 : -1];
| 
| int test (int i, double x);
| struct s1 {int (*f) (int a);};
| struct s2 {int (*f) (double a);};
| int pairnames (int, char **, int *(*)(struct buf *, struct stat *, int),
|                int, int);
| 
| // Does the compiler advertise C99 conformance?
| #if !defined __STDC_VERSION__ || __STDC_VERSION__ < 199901L
| # error "Compiler does not advertise C99 conformance"
| #endif
| 
| #include <stdbool.h>
| extern int puts (const char *);
| extern int printf (const char *, ...);
| extern int dprintf (int, const char *, ...);
| extern void *malloc (size_t);
| 
| // Check varargs macros.  These examples are taken from C99 6.10.3.5.
| // dprintf is used instead of fprintf to avoid needing to declare
| // FILE and stderr.
| #define debug(...) dprintf (2, __VA_ARGS__)
| #define showlist(...) puts (#__VA_ARGS__)
| #define report(test,...) ((test) ? puts (#test) : printf (__VA_ARGS__))
| static void
| test_varargs_macros (void)
| {
|   int x = 1234;
|   int y = 5678;
|   debug ("Flag");
|   debug ("X = %d\n", x);
|   showlist (The first, second, and third items.);
|   report (x>y, "x is %d but y is %d", x, y);
| }
| 
| // Check long long types.
| #define BIG64 18446744073709551615ull
| #define BIG32 4294967295ul
| #define BIG_OK (BIG64 / BIG32 == 4294967297ull && BIG64 % BIG32 == 0)
| #if !BIG_OK
|   #error "your preprocessor is broken"
| #endif
| #if BIG_OK
| #else
|   #error "your preprocessor is broken"
| #endif
| static long long int bignum = -9223372036854775807LL;
| static unsigned long long int ubignum = BIG64;
| 
| struct incomplete_array
| {
|   int datasize;
|   double data[];
| };
| 
| struct named_init {
|   int number;
|   const wchar_t *name;
|   double average;
| };
| 
| typedef const char *ccp;
| 
| static inline int
| test_restrict (ccp restrict text)
| {
|   // See if C++-style comments work.
|   // Iterate through items via the restricted pointer.
|   // Also check for declarations in for loops.
|   for (unsigned int i = 0; *(text+i) != '\0'; ++i)
|     continue;
|   return 0;
| }
| 
| // Check varargs and va_copy.
| static bool
| test_varargs (const char *format, ...)
| {
|   va_list args;
|   va_start (args, format);
|   va_list args_copy;
|   va_copy (args_copy, args);
| 
|   const char *str = "";
|   int number = 0;
|   float fnumber = 0;
| 
|   while (*format)
|     {
|       switch (*format++)
| 	{
| 	case 's': // string
| 	  str = va_arg (args_copy, const char *);
| 	  break;
| 	case 'd': // int
| 	  number = va_arg (args_copy, int);
| 	  break;
| 	case 'f': // float
| 	  fnumber = va_arg (args_copy, double);
| 	  break;
| 	default:
| 	  break;
| 	}
|     }
|   va_end (args_copy);
|   va_end (args);
| 
|   return *str && number && fnumber;
| }
| 
| 
| // Does the compiler advertise C11 conformance?
| #if !defined __STDC_VERSION__ || __STDC_VERSION__ < 201112L
| # error "Compiler does not advertise C11 conformance"
| #endif
| 
| // Check _Alignas.
| char _Alignas (double) aligned_as_double;
| char _Alignas (0) no_special_alignment;
| extern char aligned_as_int;
| char _Alignas (0) _Alignas (int) aligned_as_int;
| 
| // Check _Alignof.
| enum
| {
|   int_alignment = _Alignof (int),
|   int_array_alignment = _Alignof (int[100]),
|   char_alignment = _Alignof (char)
| };
| _Static_assert (0 < -_Alignof (int), "_Alignof is signed");
| 
| // Check _Noreturn.
| int _Noreturn does_not_return (void) { for (;;) continue; }
| 
| // Check _Static_assert.
| struct test_static_assert
| {
|   int x;
|   _Static_assert (sizeof (int) <= sizeof (long int),
|                   "_Static_assert does not work in struct");
|   long int y;
| };
| 
| // Check UTF-8 literals.
| #define u8 syntax error!
| char const utf8_literal[] = u8"happens to be ASCII" "another string";
| 
| // Check duplicate typedefs.
| typedef long *long_ptr;
| typedef long int *long_ptr;
| typedef long_ptr long_ptr;
| 
| // Anonymous structures and unions -- taken from C11 6.7.2.1 Example 1.
| struct anonymous
| {
|   union {
|     struct { int i; int j; };
|     struct { int k; long int l; } w;
|   };
|   int m;
| } v1;
| 
| 
| int
| main (int argc, char **argv)
| {
|   int ok = 0;
|   
| ok |= (argc == 0 || f (e, argv, 0) != argv[0] || f (e, argv, 1) != argv[1]);
| 
|   
|   // Check bool.
|   _Bool success = false;
|   success |= (argc != 0);
| 
|   // Check restrict.
|   if (test_restrict ("String literal") == 0)
|     success = true;
|   char *restrict newvar = "Another string";
| 
|   // Check varargs.
|   success &= test_varargs ("s, d' f .", "string", 65, 34.234);
|   test_varargs_macros ();
| 
|   // Check flexible array members.
|   struct incomplete_array *ia =
|     malloc (sizeof (struct incomplete_array) + (sizeof (double) * 10));
|   ia->datasize = 10;
|   for (int i = 0; i < ia->datasize; ++i)
|     ia->data[i] = i * 1.234;
| 
|   // Check named initializers.
|   struct named_init ni = {
|     .number = 34,
|     .name = L"Test wide string",
|     .average = 543.34343,
|   };
| 
|   ni.number = 58;
| 
|   int dynamic_array[ni.number];
|   dynamic_array[0] = argv[0][0];
|   dynamic_array[ni.number - 1] = 543;
| 
|   // work around unused variable warnings
|   ok |= (!success || bignum == 0LL || ubignum == 0uLL || newvar[0] == 'x'
| 	 || dynamic_array[ni.number - 1] != 543);
| 
|   
|   _Static_assert ((offsetof (struct anonymous, i)
| 		   == offsetof (struct anonymous, w.k)),
| 		  "Anonymous union alignment botch");
|   v1.i = 2;
|   v1.w.k = 5;
|   ok |= v1.i != 5;
| 
|   return ok;
| }
| 
configure:5303: result: unsupported
configure:5321: checking for g++ option to enable C99 features
configure:5336: g++  -c   conftest.c >&5
conftest.c:61:3: error: #error "Compiler does not advertise C99 conformance"
   61 | # error "Compiler does not advertise C99 conformance"
      |   ^~~~~
conftest.c:23:17: error: 'p' was not declared in this scope
   23 | static char *e (p, i)
      |                 ^
conftest.c:23:20: error: 'i' was not declared in this scope
   23 | static char *e (p, i)
      |                    ^
conftest.c:23:21: error: expression list treated as compound expression in initializer [-fpermissive]
   23 | static char *e (p, i)
      |                     ^
conftest.c:26:1: error: expected unqualified-id before '{' token
   26 | {
      | ^
conftest.c:116:29: error: expected ',' or '...' before 'text'
  116 | test_restrict (ccp restrict text)
      |                             ^~~~
conftest.c: In function 'int test_restrict(ccp)':
conftest.c:121:30: error: 'text' was not declared in this scope; did you mean 'test'?
  121 |   for (unsigned int i = 0; *(text+i) != '\0'; ++i)
      |                              ^~~~
      |                              test
conftest.c: In function 'int main(int, char**)':
conftest.c:168:24: error: cannot convert 'char*' to 'char* (*)(char**, int)'
  168 | ok |= (argc == 0 || f (e, argv, 0) != argv[0] || f (e, argv, 1) != argv[1]);
      |                        ^
      |                        |
      |                        char*
conftest.c:29:26: note:   initializing argument 1 of 'char* f(char* (*)(char**, int), char**, ...)'
   29 | static char *f (char * (*g) (char **, int), char **p, ...)
      |                 ~~~~~~~~~^~~~~~~~~~~~~~~~~
conftest.c:168:53: error: cannot convert 'char*' to 'char* (*)(char**, int)'
  168 | ok |= (argc == 0 || f (e, argv, 0) != argv[0] || f (e, argv, 1) != argv[1]);
      |                                                     ^
      |                                                     |
      |                                                     char*
conftest.c:29:26: note:   initializing argument 1 of 'char* f(char* (*)(char**, int), char**, ...)'
   29 | static char *f (char * (*g) (char **, int), char **p, ...)
      |                 ~~~~~~~~~^~~~~~~~~~~~~~~~~
conftest.c:178:18: error: expected initializer before 'newvar'
  178 |   char *restrict newvar = "Another string";
      |                  ^~~~~~
conftest.c:186:12: error: invalid conversion from 'void*' to 'incomplete_array*' [-fpermissive]
  186 |     malloc (sizeof (struct incomplete_array) + (sizeof (double) * 10));
      |     ~~~~~~~^~~~~~~~~~~~~~~~~~~~~~~~~~~~~~~~~~~~~~~~~~~~~~~~~~~~~~~~~~~
      |            |
      |            void*
conftest.c:205:58: error: 'newvar' was not declared in this scope
  205 |   ok |= (!success || bignum == 0LL || ubignum == 0uLL || newvar[0] == 'x'
      |                                                          ^~~~~~
configure:5336: $? = 1
configure: failed program was:
| /* confdefs.h */
| #define PACKAGE_NAME "SystemC"
| #define PACKAGE_TARNAME "systemc"
| #define PACKAGE_VERSION "3.0.2"
| #define PACKAGE_STRING "SystemC 3.0.2"
| #define PACKAGE_BUGREPORT "http://forums.accellera.org/forum/9-systemc/"
| #define PACKAGE_URL "http://accellera.org/"
| /* end confdefs.h.  */
| 
| /* Does the compiler advertise C89 conformance?
|    Do not test the value of __STDC__, because some compilers set it to 0
|    while being otherwise adequately conformant. */
| #if !defined __STDC__
| # error "Compiler does not advertise C89 conformance"
| #endif
| 
| #include <stddef.h>
| #include <stdarg.h>
| struct stat;
| /* Most of the following tests are stolen from RCS 5.7 src/conf.sh.  */
| struct buf { int x; };
| struct buf * (*rcsopen) (struct buf *, struct stat *, int);
| static char *e (p, i)
|      char **p;
|      int i;
| {
|   return p[i];
| }
| static char *f (char * (*g) (char **, int), char **p, ...)
| {
|   char *s;
|   va_list v;
|   va_start (v,p);
|   s = g (p, va_arg (v,int));
|   va_end (v);
|   return s;
| }
| 
| /* OSF 4.0 Compaq cc is some sort of almost-ANSI by default.  It has
|    function prototypes and stuff, but not \xHH hex character constants.
|    These do not provoke an error unfortunately, instead are silently treated
|    as an "x".  The following induces an error, until -std is added to get
|    proper ANSI mode.  Curiously \x00 != x always comes out true, for an
|    array size at least.  It is necessary to write \x00 == 0 to get something
|    that is true only with -std.  */
| int osf4_cc_array ['\x00' == 0 ? 1 : -1];
| 
| /* IBM C 6 for AIX is almost-ANSI by default, but it replaces macro parameters
|    inside strings and character constants.  */
| #define FOO(x) 'x'
| int xlc6_cc_array[FOO(a) == 'x' ? 1 : -1];
| 
| int test (int i, double x);
| struct s1 {int (*f) (int a);};
| struct s2 {int (*f) (double a);};
| int pairnames (int, char **, int *(*)(struct buf *, struct stat *, int),
|                int, int);
| 
| // Does the compiler advertise C99 conformance?
| #if !defined __STDC_VERSION__ || __STDC_VERSION__ < 199901L
| # error "Compiler does not advertise C99 conformance"
| #endif
| 
| #include <stdbool.h>
| extern int puts (const char *);
| extern int printf (const char *, ...);
| extern int dprintf (int, const char *, ...);
| extern void *malloc (size_t);
| 
| // Check varargs macros.  These examples are taken from C99 6.10.3.5.
| // dprintf is used instead of fprintf to avoid needing to declare
| // FILE and stderr.
| #define debug(...) dprintf (2, __VA_ARGS__)
| #define showlist(...) puts (#__VA_ARGS__)
| #define report(test,...) ((test) ? puts (#test) : printf (__VA_ARGS__))
| static void
| test_varargs_macros (void)
| {
|   int x = 1234;
|   int y = 5678;
|   debug ("Flag");
|   debug ("X = %d\n", x);
|   showlist (The first, second, and third items.);
|   report (x>y, "x is %d but y is %d", x, y);
| }
| 
| // Check long long types.
| #define BIG64 18446744073709551615ull
| #define BIG32 4294967295ul
| #define BIG_OK (BIG64 / BIG32 == 4294967297ull && BIG64 % BIG32 == 0)
| #if !BIG_OK
|   #error "your preprocessor is broken"
| #endif
| #if BIG_OK
| #else
|   #error "your preprocessor is broken"
| #endif
| static long long int bignum = -9223372036854775807LL;
| static unsigned long long int ubignum = BIG64;
| 
| struct incomplete_array
| {
|   int datasize;
|   double data[];
| };
| 
| struct named_init {
|   int number;
|   const wchar_t *name;
|   double average;
| };
| 
| typedef const char *ccp;
| 
| static inline int
| test_restrict (ccp restrict text)
| {
|   // See if C++-style comments work.
|   // Iterate through items via the restricted pointer.
|   // Also check for declarations in for loops.
|   for (unsigned int i = 0; *(text+i) != '\0'; ++i)
|     continue;
|   return 0;
| }
| 
| // Check varargs and va_copy.
| static bool
| test_varargs (const char *format, ...)
| {
|   va_list args;
|   va_start (args, format);
|   va_list args_copy;
|   va_copy (args_copy, args);
| 
|   const char *str = "";
|   int number = 0;
|   float fnumber = 0;
| 
|   while (*format)
|     {
|       switch (*format++)
| 	{
| 	case 's': // string
| 	  str = va_arg (args_copy, const char *);
| 	  break;
| 	case 'd': // int
| 	  number = va_arg (args_copy, int);
| 	  break;
| 	case 'f': // float
| 	  fnumber = va_arg (args_copy, double);
| 	  break;
| 	default:
| 	  break;
| 	}
|     }
|   va_end (args_copy);
|   va_end (args);
| 
|   return *str && number && fnumber;
| }
| 
| 
| int
| main (int argc, char **argv)
| {
|   int ok = 0;
|   
| ok |= (argc == 0 || f (e, argv, 0) != argv[0] || f (e, argv, 1) != argv[1]);
| 
|   
|   // Check bool.
|   _Bool success = false;
|   success |= (argc != 0);
| 
|   // Check restrict.
|   if (test_restrict ("String literal") == 0)
|     success = true;
|   char *restrict newvar = "Another string";
| 
|   // Check varargs.
|   success &= test_varargs ("s, d' f .", "string", 65, 34.234);
|   test_varargs_macros ();
| 
|   // Check flexible array members.
|   struct incomplete_array *ia =
|     malloc (sizeof (struct incomplete_array) + (sizeof (double) * 10));
|   ia->datasize = 10;
|   for (int i = 0; i < ia->datasize; ++i)
|     ia->data[i] = i * 1.234;
| 
|   // Check named initializers.
|   struct named_init ni = {
|     .number = 34,
|     .name = L"Test wide string",
|     .average = 543.34343,
|   };
| 
|   ni.number = 58;
| 
|   int dynamic_array[ni.number];
|   dynamic_array[0] = argv[0][0];
|   dynamic_array[ni.number - 1] = 543;
| 
|   // work around unused variable warnings
|   ok |= (!success || bignum == 0LL || ubignum == 0uLL || newvar[0] == 'x'
| 	 || dynamic_array[ni.number - 1] != 543);
| 
|   return ok;
| }
| 
configure:5336: g++ -std=gnu99 -c   conftest.c >&5
cc1plus: warning: command-line option '-std=gnu99' is valid for C/ObjC but not for C++
conftest.c:61:3: error: #error "Compiler does not advertise C99 conformance"
   61 | # error "Compiler does not advertise C99 conformance"
      |   ^~~~~
conftest.c:23:17: error: 'p' was not declared in this scope
   23 | static char *e (p, i)
      |                 ^
conftest.c:23:20: error: 'i' was not declared in this scope
   23 | static char *e (p, i)
      |                    ^
conftest.c:23:21: error: expression list treated as compound expression in initializer [-fpermissive]
   23 | static char *e (p, i)
      |                     ^
conftest.c:26:1: error: expected unqualified-id before '{' token
   26 | {
      | ^
conftest.c:116:29: error: expected ',' or '...' before 'text'
  116 | test_restrict (ccp restrict text)
      |                             ^~~~
conftest.c: In function 'int test_restrict(ccp)':
conftest.c:121:30: error: 'text' was not declared in this scope; did you mean 'test'?
  121 |   for (unsigned int i = 0; *(text+i) != '\0'; ++i)
      |                              ^~~~
      |                              test
conftest.c: In function 'int main(int, char**)':
conftest.c:168:24: error: cannot convert 'char*' to 'char* (*)(char**, int)'
  168 | ok |= (argc == 0 || f (e, argv, 0) != argv[0] || f (e, argv, 1) != argv[1]);
      |                        ^
      |                        |
      |                        char*
conftest.c:29:26: note:   initializing argument 1 of 'char* f(char* (*)(char**, int), char**, ...)'
   29 | static char *f (char * (*g) (char **, int), char **p, ...)
      |                 ~~~~~~~~~^~~~~~~~~~~~~~~~~
conftest.c:168:53: error: cannot convert 'char*' to 'char* (*)(char**, int)'
  168 | ok |= (argc == 0 || f (e, argv, 0) != argv[0] || f (e, argv, 1) != argv[1]);
      |                                                     ^
      |                                                     |
      |                                                     char*
conftest.c:29:26: note:   initializing argument 1 of 'char* f(char* (*)(char**, int), char**, ...)'
   29 | static char *f (char * (*g) (char **, int), char **p, ...)
      |                 ~~~~~~~~~^~~~~~~~~~~~~~~~~
conftest.c:178:18: error: expected initializer before 'newvar'
  178 |   char *restrict newvar = "Another string";
      |                  ^~~~~~
conftest.c:186:12: error: invalid conversion from 'void*' to 'incomplete_array*' [-fpermissive]
  186 |     malloc (sizeof (struct incomplete_array) + (sizeof (double) * 10));
      |     ~~~~~~~^~~~~~~~~~~~~~~~~~~~~~~~~~~~~~~~~~~~~~~~~~~~~~~~~~~~~~~~~~~
      |            |
      |            void*
conftest.c:205:58: error: 'newvar' was not declared in this scope
  205 |   ok |= (!success || bignum == 0LL || ubignum == 0uLL || newvar[0] == 'x'
      |                                                          ^~~~~~
configure:5336: $? = 1
configure: failed program was:
| /* confdefs.h */
| #define PACKAGE_NAME "SystemC"
| #define PACKAGE_TARNAME "systemc"
| #define PACKAGE_VERSION "3.0.2"
| #define PACKAGE_STRING "SystemC 3.0.2"
| #define PACKAGE_BUGREPORT "http://forums.accellera.org/forum/9-systemc/"
| #define PACKAGE_URL "http://accellera.org/"
| /* end confdefs.h.  */
| 
| /* Does the compiler advertise C89 conformance?
|    Do not test the value of __STDC__, because some compilers set it to 0
|    while being otherwise adequately conformant. */
| #if !defined __STDC__
| # error "Compiler does not advertise C89 conformance"
| #endif
| 
| #include <stddef.h>
| #include <stdarg.h>
| struct stat;
| /* Most of the following tests are stolen from RCS 5.7 src/conf.sh.  */
| struct buf { int x; };
| struct buf * (*rcsopen) (struct buf *, struct stat *, int);
| static char *e (p, i)
|      char **p;
|      int i;
| {
|   return p[i];
| }
| static char *f (char * (*g) (char **, int), char **p, ...)
| {
|   char *s;
|   va_list v;
|   va_start (v,p);
|   s = g (p, va_arg (v,int));
|   va_end (v);
|   return s;
| }
| 
| /* OSF 4.0 Compaq cc is some sort of almost-ANSI by default.  It has
|    function prototypes and stuff, but not \xHH hex character constants.
|    These do not provoke an error unfortunately, instead are silently treated
|    as an "x".  The following induces an error, until -std is added to get
|    proper ANSI mode.  Curiously \x00 != x always comes out true, for an
|    array size at least.  It is necessary to write \x00 == 0 to get something
|    that is true only with -std.  */
| int osf4_cc_array ['\x00' == 0 ? 1 : -1];
| 
| /* IBM C 6 for AIX is almost-ANSI by default, but it replaces macro parameters
|    inside strings and character constants.  */
| #define FOO(x) 'x'
| int xlc6_cc_array[FOO(a) == 'x' ? 1 : -1];
| 
| int test (int i, double x);
| struct s1 {int (*f) (int a);};
| struct s2 {int (*f) (double a);};
| int pairnames (int, char **, int *(*)(struct buf *, struct stat *, int),
|                int, int);
| 
| // Does the compiler advertise C99 conformance?
| #if !defined __STDC_VERSION__ || __STDC_VERSION__ < 199901L
| # error "Compiler does not advertise C99 conformance"
| #endif
| 
| #include <stdbool.h>
| extern int puts (const char *);
| extern int printf (const char *, ...);
| extern int dprintf (int, const char *, ...);
| extern void *malloc (size_t);
| 
| // Check varargs macros.  These examples are taken from C99 6.10.3.5.
| // dprintf is used instead of fprintf to avoid needing to declare
| // FILE and stderr.
| #define debug(...) dprintf (2, __VA_ARGS__)
| #define showlist(...) puts (#__VA_ARGS__)
| #define report(test,...) ((test) ? puts (#test) : printf (__VA_ARGS__))
| static void
| test_varargs_macros (void)
| {
|   int x = 1234;
|   int y = 5678;
|   debug ("Flag");
|   debug ("X = %d\n", x);
|   showlist (The first, second, and third items.);
|   report (x>y, "x is %d but y is %d", x, y);
| }
| 
| // Check long long types.
| #define BIG64 18446744073709551615ull
| #define BIG32 4294967295ul
| #define BIG_OK (BIG64 / BIG32 == 4294967297ull && BIG64 % BIG32 == 0)
| #if !BIG_OK
|   #error "your preprocessor is broken"
| #endif
| #if BIG_OK
| #else
|   #error "your preprocessor is broken"
| #endif
| static long long int bignum = -9223372036854775807LL;
| static unsigned long long int ubignum = BIG64;
| 
| struct incomplete_array
| {
|   int datasize;
|   double data[];
| };
| 
| struct named_init {
|   int number;
|   const wchar_t *name;
|   double average;
| };
| 
| typedef const char *ccp;
| 
| static inline int
| test_restrict (ccp restrict text)
| {
|   // See if C++-style comments work.
|   // Iterate through items via the restricted pointer.
|   // Also check for declarations in for loops.
|   for (unsigned int i = 0; *(text+i) != '\0'; ++i)
|     continue;
|   return 0;
| }
| 
| // Check varargs and va_copy.
| static bool
| test_varargs (const char *format, ...)
| {
|   va_list args;
|   va_start (args, format);
|   va_list args_copy;
|   va_copy (args_copy, args);
| 
|   const char *str = "";
|   int number = 0;
|   float fnumber = 0;
| 
|   while (*format)
|     {
|       switch (*format++)
| 	{
| 	case 's': // string
| 	  str = va_arg (args_copy, const char *);
| 	  break;
| 	case 'd': // int
| 	  number = va_arg (args_copy, int);
| 	  break;
| 	case 'f': // float
| 	  fnumber = va_arg (args_copy, double);
| 	  break;
| 	default:
| 	  break;
| 	}
|     }
|   va_end (args_copy);
|   va_end (args);
| 
|   return *str && number && fnumber;
| }
| 
| 
| int
| main (int argc, char **argv)
| {
|   int ok = 0;
|   
| ok |= (argc == 0 || f (e, argv, 0) != argv[0] || f (e, argv, 1) != argv[1]);
| 
|   
|   // Check bool.
|   _Bool success = false;
|   success |= (argc != 0);
| 
|   // Check restrict.
|   if (test_restrict ("String literal") == 0)
|     success = true;
|   char *restrict newvar = "Another string";
| 
|   // Check varargs.
|   success &= test_varargs ("s, d' f .", "string", 65, 34.234);
|   test_varargs_macros ();
| 
|   // Check flexible array members.
|   struct incomplete_array *ia =
|     malloc (sizeof (struct incomplete_array) + (sizeof (double) * 10));
|   ia->datasize = 10;
|   for (int i = 0; i < ia->datasize; ++i)
|     ia->data[i] = i * 1.234;
| 
|   // Check named initializers.
|   struct named_init ni = {
|     .number = 34,
|     .name = L"Test wide string",
|     .average = 543.34343,
|   };
| 
|   ni.number = 58;
| 
|   int dynamic_array[ni.number];
|   dynamic_array[0] = argv[0][0];
|   dynamic_array[ni.number - 1] = 543;
| 
|   // work around unused variable warnings
|   ok |= (!success || bignum == 0LL || ubignum == 0uLL || newvar[0] == 'x'
| 	 || dynamic_array[ni.number - 1] != 543);
| 
|   return ok;
| }
| 
configure:5336: g++ -std=c99 -c   conftest.c >&5
cc1plus: warning: command-line option '-std=c99' is valid for C/ObjC but not for C++
conftest.c:61:3: error: #error "Compiler does not advertise C99 conformance"
   61 | # error "Compiler does not advertise C99 conformance"
      |   ^~~~~
conftest.c:23:17: error: 'p' was not declared in this scope
   23 | static char *e (p, i)
      |                 ^
conftest.c:23:20: error: 'i' was not declared in this scope
   23 | static char *e (p, i)
      |                    ^
conftest.c:23:21: error: expression list treated as compound expression in initializer [-fpermissive]
   23 | static char *e (p, i)
      |                     ^
conftest.c:26:1: error: expected unqualified-id before '{' token
   26 | {
      | ^
conftest.c:116:29: error: expected ',' or '...' before 'text'
  116 | test_restrict (ccp restrict text)
      |                             ^~~~
conftest.c: In function 'int test_restrict(ccp)':
conftest.c:121:30: error: 'text' was not declared in this scope; did you mean 'test'?
  121 |   for (unsigned int i = 0; *(text+i) != '\0'; ++i)
      |                              ^~~~
      |                              test
conftest.c: In function 'int main(int, char**)':
conftest.c:168:24: error: cannot convert 'char*' to 'char* (*)(char**, int)'
  168 | ok |= (argc == 0 || f (e, argv, 0) != argv[0] || f (e, argv, 1) != argv[1]);
      |                        ^
      |                        |
      |                        char*
conftest.c:29:26: note:   initializing argument 1 of 'char* f(char* (*)(char**, int), char**, ...)'
   29 | static char *f (char * (*g) (char **, int), char **p, ...)
      |                 ~~~~~~~~~^~~~~~~~~~~~~~~~~
conftest.c:168:53: error: cannot convert 'char*' to 'char* (*)(char**, int)'
  168 | ok |= (argc == 0 || f (e, argv, 0) != argv[0] || f (e, argv, 1) != argv[1]);
      |                                                     ^
      |                                                     |
      |                                                     char*
conftest.c:29:26: note:   initializing argument 1 of 'char* f(char* (*)(char**, int), char**, ...)'
   29 | static char *f (char * (*g) (char **, int), char **p, ...)
      |                 ~~~~~~~~~^~~~~~~~~~~~~~~~~
conftest.c:178:18: error: expected initializer before 'newvar'
  178 |   char *restrict newvar = "Another string";
      |                  ^~~~~~
conftest.c:186:12: error: invalid conversion from 'void*' to 'incomplete_array*' [-fpermissive]
  186 |     malloc (sizeof (struct incomplete_array) + (sizeof (double) * 10));
      |     ~~~~~~~^~~~~~~~~~~~~~~~~~~~~~~~~~~~~~~~~~~~~~~~~~~~~~~~~~~~~~~~~~~
      |            |
      |            void*
conftest.c:205:58: error: 'newvar' was not declared in this scope
  205 |   ok |= (!success || bignum == 0LL || ubignum == 0uLL || newvar[0] == 'x'
      |                                                          ^~~~~~
configure:5336: $? = 1
configure: failed program was:
| /* confdefs.h */
| #define PACKAGE_NAME "SystemC"
| #define PACKAGE_TARNAME "systemc"
| #define PACKAGE_VERSION "3.0.2"
| #define PACKAGE_STRING "SystemC 3.0.2"
| #define PACKAGE_BUGREPORT "http://forums.accellera.org/forum/9-systemc/"
| #define PACKAGE_URL "http://accellera.org/"
| /* end confdefs.h.  */
| 
| /* Does the compiler advertise C89 conformance?
|    Do not test the value of __STDC__, because some compilers set it to 0
|    while being otherwise adequately conformant. */
| #if !defined __STDC__
| # error "Compiler does not advertise C89 conformance"
| #endif
| 
| #include <stddef.h>
| #include <stdarg.h>
| struct stat;
| /* Most of the following tests are stolen from RCS 5.7 src/conf.sh.  */
| struct buf { int x; };
| struct buf * (*rcsopen) (struct buf *, struct stat *, int);
| static char *e (p, i)
|      char **p;
|      int i;
| {
|   return p[i];
| }
| static char *f (char * (*g) (char **, int), char **p, ...)
| {
|   char *s;
|   va_list v;
|   va_start (v,p);
|   s = g (p, va_arg (v,int));
|   va_end (v);
|   return s;
| }
| 
| /* OSF 4.0 Compaq cc is some sort of almost-ANSI by default.  It has
|    function prototypes and stuff, but not \xHH hex character constants.
|    These do not provoke an error unfortunately, instead are silently treated
|    as an "x".  The following induces an error, until -std is added to get
|    proper ANSI mode.  Curiously \x00 != x always comes out true, for an
|    array size at least.  It is necessary to write \x00 == 0 to get something
|    that is true only with -std.  */
| int osf4_cc_array ['\x00' == 0 ? 1 : -1];
| 
| /* IBM C 6 for AIX is almost-ANSI by default, but it replaces macro parameters
|    inside strings and character constants.  */
| #define FOO(x) 'x'
| int xlc6_cc_array[FOO(a) == 'x' ? 1 : -1];
| 
| int test (int i, double x);
| struct s1 {int (*f) (int a);};
| struct s2 {int (*f) (double a);};
| int pairnames (int, char **, int *(*)(struct buf *, struct stat *, int),
|                int, int);
| 
| // Does the compiler advertise C99 conformance?
| #if !defined __STDC_VERSION__ || __STDC_VERSION__ < 199901L
| # error "Compiler does not advertise C99 conformance"
| #endif
| 
| #include <stdbool.h>
| extern int puts (const char *);
| extern int printf (const char *, ...);
| extern int dprintf (int, const char *, ...);
| extern void *malloc (size_t);
| 
| // Check varargs macros.  These examples are taken from C99 6.10.3.5.
| // dprintf is used instead of fprintf to avoid needing to declare
| // FILE and stderr.
| #define debug(...) dprintf (2, __VA_ARGS__)
| #define showlist(...) puts (#__VA_ARGS__)
| #define report(test,...) ((test) ? puts (#test) : printf (__VA_ARGS__))
| static void
| test_varargs_macros (void)
| {
|   int x = 1234;
|   int y = 5678;
|   debug ("Flag");
|   debug ("X = %d\n", x);
|   showlist (The first, second, and third items.);
|   report (x>y, "x is %d but y is %d", x, y);
| }
| 
| // Check long long types.
| #define BIG64 18446744073709551615ull
| #define BIG32 4294967295ul
| #define BIG_OK (BIG64 / BIG32 == 4294967297ull && BIG64 % BIG32 == 0)
| #if !BIG_OK
|   #error "your preprocessor is broken"
| #endif
| #if BIG_OK
| #else
|   #error "your preprocessor is broken"
| #endif
| static long long int bignum = -9223372036854775807LL;
| static unsigned long long int ubignum = BIG64;
| 
| struct incomplete_array
| {
|   int datasize;
|   double data[];
| };
| 
| struct named_init {
|   int number;
|   const wchar_t *name;
|   double average;
| };
| 
| typedef const char *ccp;
| 
| static inline int
| test_restrict (ccp restrict text)
| {
|   // See if C++-style comments work.
|   // Iterate through items via the restricted pointer.
|   // Also check for declarations in for loops.
|   for (unsigned int i = 0; *(text+i) != '\0'; ++i)
|     continue;
|   return 0;
| }
| 
| // Check varargs and va_copy.
| static bool
| test_varargs (const char *format, ...)
| {
|   va_list args;
|   va_start (args, format);
|   va_list args_copy;
|   va_copy (args_copy, args);
| 
|   const char *str = "";
|   int number = 0;
|   float fnumber = 0;
| 
|   while (*format)
|     {
|       switch (*format++)
| 	{
| 	case 's': // string
| 	  str = va_arg (args_copy, const char *);
| 	  break;
| 	case 'd': // int
| 	  number = va_arg (args_copy, int);
| 	  break;
| 	case 'f': // float
| 	  fnumber = va_arg (args_copy, double);
| 	  break;
| 	default:
| 	  break;
| 	}
|     }
|   va_end (args_copy);
|   va_end (args);
| 
|   return *str && number && fnumber;
| }
| 
| 
| int
| main (int argc, char **argv)
| {
|   int ok = 0;
|   
| ok |= (argc == 0 || f (e, argv, 0) != argv[0] || f (e, argv, 1) != argv[1]);
| 
|   
|   // Check bool.
|   _Bool success = false;
|   success |= (argc != 0);
| 
|   // Check restrict.
|   if (test_restrict ("String literal") == 0)
|     success = true;
|   char *restrict newvar = "Another string";
| 
|   // Check varargs.
|   success &= test_varargs ("s, d' f .", "string", 65, 34.234);
|   test_varargs_macros ();
| 
|   // Check flexible array members.
|   struct incomplete_array *ia =
|     malloc (sizeof (struct incomplete_array) + (sizeof (double) * 10));
|   ia->datasize = 10;
|   for (int i = 0; i < ia->datasize; ++i)
|     ia->data[i] = i * 1.234;
| 
|   // Check named initializers.
|   struct named_init ni = {
|     .number = 34,
|     .name = L"Test wide string",
|     .average = 543.34343,
|   };
| 
|   ni.number = 58;
| 
|   int dynamic_array[ni.number];
|   dynamic_array[0] = argv[0][0];
|   dynamic_array[ni.number - 1] = 543;
| 
|   // work around unused variable warnings
|   ok |= (!success || bignum == 0LL || ubignum == 0uLL || newvar[0] == 'x'
| 	 || dynamic_array[ni.number - 1] != 543);
| 
|   return ok;
| }
| 
configure:5336: g++ -c99 -c   conftest.c >&5
g++: error: unrecognized command-line option '-c99'
configure:5336: $? = 1
configure: failed program was:
| /* confdefs.h */
| #define PACKAGE_NAME "SystemC"
| #define PACKAGE_TARNAME "systemc"
| #define PACKAGE_VERSION "3.0.2"
| #define PACKAGE_STRING "SystemC 3.0.2"
| #define PACKAGE_BUGREPORT "http://forums.accellera.org/forum/9-systemc/"
| #define PACKAGE_URL "http://accellera.org/"
| /* end confdefs.h.  */
| 
| /* Does the compiler advertise C89 conformance?
|    Do not test the value of __STDC__, because some compilers set it to 0
|    while being otherwise adequately conformant. */
| #if !defined __STDC__
| # error "Compiler does not advertise C89 conformance"
| #endif
| 
| #include <stddef.h>
| #include <stdarg.h>
| struct stat;
| /* Most of the following tests are stolen from RCS 5.7 src/conf.sh.  */
| struct buf { int x; };
| struct buf * (*rcsopen) (struct buf *, struct stat *, int);
| static char *e (p, i)
|      char **p;
|      int i;
| {
|   return p[i];
| }
| static char *f (char * (*g) (char **, int), char **p, ...)
| {
|   char *s;
|   va_list v;
|   va_start (v,p);
|   s = g (p, va_arg (v,int));
|   va_end (v);
|   return s;
| }
| 
| /* OSF 4.0 Compaq cc is some sort of almost-ANSI by default.  It has
|    function prototypes and stuff, but not \xHH hex character constants.
|    These do not provoke an error unfortunately, instead are silently treated
|    as an "x".  The following induces an error, until -std is added to get
|    proper ANSI mode.  Curiously \x00 != x always comes out true, for an
|    array size at least.  It is necessary to write \x00 == 0 to get something
|    that is true only with -std.  */
| int osf4_cc_array ['\x00' == 0 ? 1 : -1];
| 
| /* IBM C 6 for AIX is almost-ANSI by default, but it replaces macro parameters
|    inside strings and character constants.  */
| #define FOO(x) 'x'
| int xlc6_cc_array[FOO(a) == 'x' ? 1 : -1];
| 
| int test (int i, double x);
| struct s1 {int (*f) (int a);};
| struct s2 {int (*f) (double a);};
| int pairnames (int, char **, int *(*)(struct buf *, struct stat *, int),
|                int, int);
| 
| // Does the compiler advertise C99 conformance?
| #if !defined __STDC_VERSION__ || __STDC_VERSION__ < 199901L
| # error "Compiler does not advertise C99 conformance"
| #endif
| 
| #include <stdbool.h>
| extern int puts (const char *);
| extern int printf (const char *, ...);
| extern int dprintf (int, const char *, ...);
| extern void *malloc (size_t);
| 
| // Check varargs macros.  These examples are taken from C99 6.10.3.5.
| // dprintf is used instead of fprintf to avoid needing to declare
| // FILE and stderr.
| #define debug(...) dprintf (2, __VA_ARGS__)
| #define showlist(...) puts (#__VA_ARGS__)
| #define report(test,...) ((test) ? puts (#test) : printf (__VA_ARGS__))
| static void
| test_varargs_macros (void)
| {
|   int x = 1234;
|   int y = 5678;
|   debug ("Flag");
|   debug ("X = %d\n", x);
|   showlist (The first, second, and third items.);
|   report (x>y, "x is %d but y is %d", x, y);
| }
| 
| // Check long long types.
| #define BIG64 18446744073709551615ull
| #define BIG32 4294967295ul
| #define BIG_OK (BIG64 / BIG32 == 4294967297ull && BIG64 % BIG32 == 0)
| #if !BIG_OK
|   #error "your preprocessor is broken"
| #endif
| #if BIG_OK
| #else
|   #error "your preprocessor is broken"
| #endif
| static long long int bignum = -9223372036854775807LL;
| static unsigned long long int ubignum = BIG64;
| 
| struct incomplete_array
| {
|   int datasize;
|   double data[];
| };
| 
| struct named_init {
|   int number;
|   const wchar_t *name;
|   double average;
| };
| 
| typedef const char *ccp;
| 
| static inline int
| test_restrict (ccp restrict text)
| {
|   // See if C++-style comments work.
|   // Iterate through items via the restricted pointer.
|   // Also check for declarations in for loops.
|   for (unsigned int i = 0; *(text+i) != '\0'; ++i)
|     continue;
|   return 0;
| }
| 
| // Check varargs and va_copy.
| static bool
| test_varargs (const char *format, ...)
| {
|   va_list args;
|   va_start (args, format);
|   va_list args_copy;
|   va_copy (args_copy, args);
| 
|   const char *str = "";
|   int number = 0;
|   float fnumber = 0;
| 
|   while (*format)
|     {
|       switch (*format++)
| 	{
| 	case 's': // string
| 	  str = va_arg (args_copy, const char *);
| 	  break;
| 	case 'd': // int
| 	  number = va_arg (args_copy, int);
| 	  break;
| 	case 'f': // float
| 	  fnumber = va_arg (args_copy, double);
| 	  break;
| 	default:
| 	  break;
| 	}
|     }
|   va_end (args_copy);
|   va_end (args);
| 
|   return *str && number && fnumber;
| }
| 
| 
| int
| main (int argc, char **argv)
| {
|   int ok = 0;
|   
| ok |= (argc == 0 || f (e, argv, 0) != argv[0] || f (e, argv, 1) != argv[1]);
| 
|   
|   // Check bool.
|   _Bool success = false;
|   success |= (argc != 0);
| 
|   // Check restrict.
|   if (test_restrict ("String literal") == 0)
|     success = true;
|   char *restrict newvar = "Another string";
| 
|   // Check varargs.
|   success &= test_varargs ("s, d' f .", "string", 65, 34.234);
|   test_varargs_macros ();
| 
|   // Check flexible array members.
|   struct incomplete_array *ia =
|     malloc (sizeof (struct incomplete_array) + (sizeof (double) * 10));
|   ia->datasize = 10;
|   for (int i = 0; i < ia->datasize; ++i)
|     ia->data[i] = i * 1.234;
| 
|   // Check named initializers.
|   struct named_init ni = {
|     .number = 34,
|     .name = L"Test wide string",
|     .average = 543.34343,
|   };
| 
|   ni.number = 58;
| 
|   int dynamic_array[ni.number];
|   dynamic_array[0] = argv[0][0];
|   dynamic_array[ni.number - 1] = 543;
| 
|   // work around unused variable warnings
|   ok |= (!success || bignum == 0LL || ubignum == 0uLL || newvar[0] == 'x'
| 	 || dynamic_array[ni.number - 1] != 543);
| 
|   return ok;
| }
| 
configure:5336: g++ -qlanglvl=extc1x -c   conftest.c >&5
g++: error: unrecognized command-line option '-qlanglvl=extc1x'
configure:5336: $? = 1
configure: failed program was:
| /* confdefs.h */
| #define PACKAGE_NAME "SystemC"
| #define PACKAGE_TARNAME "systemc"
| #define PACKAGE_VERSION "3.0.2"
| #define PACKAGE_STRING "SystemC 3.0.2"
| #define PACKAGE_BUGREPORT "http://forums.accellera.org/forum/9-systemc/"
| #define PACKAGE_URL "http://accellera.org/"
| /* end confdefs.h.  */
| 
| /* Does the compiler advertise C89 conformance?
|    Do not test the value of __STDC__, because some compilers set it to 0
|    while being otherwise adequately conformant. */
| #if !defined __STDC__
| # error "Compiler does not advertise C89 conformance"
| #endif
| 
| #include <stddef.h>
| #include <stdarg.h>
| struct stat;
| /* Most of the following tests are stolen from RCS 5.7 src/conf.sh.  */
| struct buf { int x; };
| struct buf * (*rcsopen) (struct buf *, struct stat *, int);
| static char *e (p, i)
|      char **p;
|      int i;
| {
|   return p[i];
| }
| static char *f (char * (*g) (char **, int), char **p, ...)
| {
|   char *s;
|   va_list v;
|   va_start (v,p);
|   s = g (p, va_arg (v,int));
|   va_end (v);
|   return s;
| }
| 
| /* OSF 4.0 Compaq cc is some sort of almost-ANSI by default.  It has
|    function prototypes and stuff, but not \xHH hex character constants.
|    These do not provoke an error unfortunately, instead are silently treated
|    as an "x".  The following induces an error, until -std is added to get
|    proper ANSI mode.  Curiously \x00 != x always comes out true, for an
|    array size at least.  It is necessary to write \x00 == 0 to get something
|    that is true only with -std.  */
| int osf4_cc_array ['\x00' == 0 ? 1 : -1];
| 
| /* IBM C 6 for AIX is almost-ANSI by default, but it replaces macro parameters
|    inside strings and character constants.  */
| #define FOO(x) 'x'
| int xlc6_cc_array[FOO(a) == 'x' ? 1 : -1];
| 
| int test (int i, double x);
| struct s1 {int (*f) (int a);};
| struct s2 {int (*f) (double a);};
| int pairnames (int, char **, int *(*)(struct buf *, struct stat *, int),
|                int, int);
| 
| // Does the compiler advertise C99 conformance?
| #if !defined __STDC_VERSION__ || __STDC_VERSION__ < 199901L
| # error "Compiler does not advertise C99 conformance"
| #endif
| 
| #include <stdbool.h>
| extern int puts (const char *);
| extern int printf (const char *, ...);
| extern int dprintf (int, const char *, ...);
| extern void *malloc (size_t);
| 
| // Check varargs macros.  These examples are taken from C99 6.10.3.5.
| // dprintf is used instead of fprintf to avoid needing to declare
| // FILE and stderr.
| #define debug(...) dprintf (2, __VA_ARGS__)
| #define showlist(...) puts (#__VA_ARGS__)
| #define report(test,...) ((test) ? puts (#test) : printf (__VA_ARGS__))
| static void
| test_varargs_macros (void)
| {
|   int x = 1234;
|   int y = 5678;
|   debug ("Flag");
|   debug ("X = %d\n", x);
|   showlist (The first, second, and third items.);
|   report (x>y, "x is %d but y is %d", x, y);
| }
| 
| // Check long long types.
| #define BIG64 18446744073709551615ull
| #define BIG32 4294967295ul
| #define BIG_OK (BIG64 / BIG32 == 4294967297ull && BIG64 % BIG32 == 0)
| #if !BIG_OK
|   #error "your preprocessor is broken"
| #endif
| #if BIG_OK
| #else
|   #error "your preprocessor is broken"
| #endif
| static long long int bignum = -9223372036854775807LL;
| static unsigned long long int ubignum = BIG64;
| 
| struct incomplete_array
| {
|   int datasize;
|   double data[];
| };
| 
| struct named_init {
|   int number;
|   const wchar_t *name;
|   double average;
| };
| 
| typedef const char *ccp;
| 
| static inline int
| test_restrict (ccp restrict text)
| {
|   // See if C++-style comments work.
|   // Iterate through items via the restricted pointer.
|   // Also check for declarations in for loops.
|   for (unsigned int i = 0; *(text+i) != '\0'; ++i)
|     continue;
|   return 0;
| }
| 
| // Check varargs and va_copy.
| static bool
| test_varargs (const char *format, ...)
| {
|   va_list args;
|   va_start (args, format);
|   va_list args_copy;
|   va_copy (args_copy, args);
| 
|   const char *str = "";
|   int number = 0;
|   float fnumber = 0;
| 
|   while (*format)
|     {
|       switch (*format++)
| 	{
| 	case 's': // string
| 	  str = va_arg (args_copy, const char *);
| 	  break;
| 	case 'd': // int
| 	  number = va_arg (args_copy, int);
| 	  break;
| 	case 'f': // float
| 	  fnumber = va_arg (args_copy, double);
| 	  break;
| 	default:
| 	  break;
| 	}
|     }
|   va_end (args_copy);
|   va_end (args);
| 
|   return *str && number && fnumber;
| }
| 
| 
| int
| main (int argc, char **argv)
| {
|   int ok = 0;
|   
| ok |= (argc == 0 || f (e, argv, 0) != argv[0] || f (e, argv, 1) != argv[1]);
| 
|   
|   // Check bool.
|   _Bool success = false;
|   success |= (argc != 0);
| 
|   // Check restrict.
|   if (test_restrict ("String literal") == 0)
|     success = true;
|   char *restrict newvar = "Another string";
| 
|   // Check varargs.
|   success &= test_varargs ("s, d' f .", "string", 65, 34.234);
|   test_varargs_macros ();
| 
|   // Check flexible array members.
|   struct incomplete_array *ia =
|     malloc (sizeof (struct incomplete_array) + (sizeof (double) * 10));
|   ia->datasize = 10;
|   for (int i = 0; i < ia->datasize; ++i)
|     ia->data[i] = i * 1.234;
| 
|   // Check named initializers.
|   struct named_init ni = {
|     .number = 34,
|     .name = L"Test wide string",
|     .average = 543.34343,
|   };
| 
|   ni.number = 58;
| 
|   int dynamic_array[ni.number];
|   dynamic_array[0] = argv[0][0];
|   dynamic_array[ni.number - 1] = 543;
| 
|   // work around unused variable warnings
|   ok |= (!success || bignum == 0LL || ubignum == 0uLL || newvar[0] == 'x'
| 	 || dynamic_array[ni.number - 1] != 543);
| 
|   return ok;
| }
| 
configure:5336: g++ -qlanglvl=extc99 -c   conftest.c >&5
g++: error: unrecognized command-line option '-qlanglvl=extc99'
configure:5336: $? = 1
configure: failed program was:
| /* confdefs.h */
| #define PACKAGE_NAME "SystemC"
| #define PACKAGE_TARNAME "systemc"
| #define PACKAGE_VERSION "3.0.2"
| #define PACKAGE_STRING "SystemC 3.0.2"
| #define PACKAGE_BUGREPORT "http://forums.accellera.org/forum/9-systemc/"
| #define PACKAGE_URL "http://accellera.org/"
| /* end confdefs.h.  */
| 
| /* Does the compiler advertise C89 conformance?
|    Do not test the value of __STDC__, because some compilers set it to 0
|    while being otherwise adequately conformant. */
| #if !defined __STDC__
| # error "Compiler does not advertise C89 conformance"
| #endif
| 
| #include <stddef.h>
| #include <stdarg.h>
| struct stat;
| /* Most of the following tests are stolen from RCS 5.7 src/conf.sh.  */
| struct buf { int x; };
| struct buf * (*rcsopen) (struct buf *, struct stat *, int);
| static char *e (p, i)
|      char **p;
|      int i;
| {
|   return p[i];
| }
| static char *f (char * (*g) (char **, int), char **p, ...)
| {
|   char *s;
|   va_list v;
|   va_start (v,p);
|   s = g (p, va_arg (v,int));
|   va_end (v);
|   return s;
| }
| 
| /* OSF 4.0 Compaq cc is some sort of almost-ANSI by default.  It has
|    function prototypes and stuff, but not \xHH hex character constants.
|    These do not provoke an error unfortunately, instead are silently treated
|    as an "x".  The following induces an error, until -std is added to get
|    proper ANSI mode.  Curiously \x00 != x always comes out true, for an
|    array size at least.  It is necessary to write \x00 == 0 to get something
|    that is true only with -std.  */
| int osf4_cc_array ['\x00' == 0 ? 1 : -1];
| 
| /* IBM C 6 for AIX is almost-ANSI by default, but it replaces macro parameters
|    inside strings and character constants.  */
| #define FOO(x) 'x'
| int xlc6_cc_array[FOO(a) == 'x' ? 1 : -1];
| 
| int test (int i, double x);
| struct s1 {int (*f) (int a);};
| struct s2 {int (*f) (double a);};
| int pairnames (int, char **, int *(*)(struct buf *, struct stat *, int),
|                int, int);
| 
| // Does the compiler advertise C99 conformance?
| #if !defined __STDC_VERSION__ || __STDC_VERSION__ < 199901L
| # error "Compiler does not advertise C99 conformance"
| #endif
| 
| #include <stdbool.h>
| extern int puts (const char *);
| extern int printf (const char *, ...);
| extern int dprintf (int, const char *, ...);
| extern void *malloc (size_t);
| 
| // Check varargs macros.  These examples are taken from C99 6.10.3.5.
| // dprintf is used instead of fprintf to avoid needing to declare
| // FILE and stderr.
| #define debug(...) dprintf (2, __VA_ARGS__)
| #define showlist(...) puts (#__VA_ARGS__)
| #define report(test,...) ((test) ? puts (#test) : printf (__VA_ARGS__))
| static void
| test_varargs_macros (void)
| {
|   int x = 1234;
|   int y = 5678;
|   debug ("Flag");
|   debug ("X = %d\n", x);
|   showlist (The first, second, and third items.);
|   report (x>y, "x is %d but y is %d", x, y);
| }
| 
| // Check long long types.
| #define BIG64 18446744073709551615ull
| #define BIG32 4294967295ul
| #define BIG_OK (BIG64 / BIG32 == 4294967297ull && BIG64 % BIG32 == 0)
| #if !BIG_OK
|   #error "your preprocessor is broken"
| #endif
| #if BIG_OK
| #else
|   #error "your preprocessor is broken"
| #endif
| static long long int bignum = -9223372036854775807LL;
| static unsigned long long int ubignum = BIG64;
| 
| struct incomplete_array
| {
|   int datasize;
|   double data[];
| };
| 
| struct named_init {
|   int number;
|   const wchar_t *name;
|   double average;
| };
| 
| typedef const char *ccp;
| 
| static inline int
| test_restrict (ccp restrict text)
| {
|   // See if C++-style comments work.
|   // Iterate through items via the restricted pointer.
|   // Also check for declarations in for loops.
|   for (unsigned int i = 0; *(text+i) != '\0'; ++i)
|     continue;
|   return 0;
| }
| 
| // Check varargs and va_copy.
| static bool
| test_varargs (const char *format, ...)
| {
|   va_list args;
|   va_start (args, format);
|   va_list args_copy;
|   va_copy (args_copy, args);
| 
|   const char *str = "";
|   int number = 0;
|   float fnumber = 0;
| 
|   while (*format)
|     {
|       switch (*format++)
| 	{
| 	case 's': // string
| 	  str = va_arg (args_copy, const char *);
| 	  break;
| 	case 'd': // int
| 	  number = va_arg (args_copy, int);
| 	  break;
| 	case 'f': // float
| 	  fnumber = va_arg (args_copy, double);
| 	  break;
| 	default:
| 	  break;
| 	}
|     }
|   va_end (args_copy);
|   va_end (args);
| 
|   return *str && number && fnumber;
| }
| 
| 
| int
| main (int argc, char **argv)
| {
|   int ok = 0;
|   
| ok |= (argc == 0 || f (e, argv, 0) != argv[0] || f (e, argv, 1) != argv[1]);
| 
|   
|   // Check bool.
|   _Bool success = false;
|   success |= (argc != 0);
| 
|   // Check restrict.
|   if (test_restrict ("String literal") == 0)
|     success = true;
|   char *restrict newvar = "Another string";
| 
|   // Check varargs.
|   success &= test_varargs ("s, d' f .", "string", 65, 34.234);
|   test_varargs_macros ();
| 
|   // Check flexible array members.
|   struct incomplete_array *ia =
|     malloc (sizeof (struct incomplete_array) + (sizeof (double) * 10));
|   ia->datasize = 10;
|   for (int i = 0; i < ia->datasize; ++i)
|     ia->data[i] = i * 1.234;
| 
|   // Check named initializers.
|   struct named_init ni = {
|     .number = 34,
|     .name = L"Test wide string",
|     .average = 543.34343,
|   };
| 
|   ni.number = 58;
| 
|   int dynamic_array[ni.number];
|   dynamic_array[0] = argv[0][0];
|   dynamic_array[ni.number - 1] = 543;
| 
|   // work around unused variable warnings
|   ok |= (!success || bignum == 0LL || ubignum == 0uLL || newvar[0] == 'x'
| 	 || dynamic_array[ni.number - 1] != 543);
| 
|   return ok;
| }
| 
configure:5336: g++ -AC99 -c   conftest.c >&5
<command-line>: error: missing '(' after predicate
conftest.c:61:3: error: #error "Compiler does not advertise C99 conformance"
   61 | # error "Compiler does not advertise C99 conformance"
      |   ^~~~~
conftest.c:23:17: error: 'p' was not declared in this scope
   23 | static char *e (p, i)
      |                 ^
conftest.c:23:20: error: 'i' was not declared in this scope
   23 | static char *e (p, i)
      |                    ^
conftest.c:23:21: error: expression list treated as compound expression in initializer [-fpermissive]
   23 | static char *e (p, i)
      |                     ^
conftest.c:26:1: error: expected unqualified-id before '{' token
   26 | {
      | ^
conftest.c:116:29: error: expected ',' or '...' before 'text'
  116 | test_restrict (ccp restrict text)
      |                             ^~~~
conftest.c: In function 'int test_restrict(ccp)':
conftest.c:121:30: error: 'text' was not declared in this scope; did you mean 'test'?
  121 |   for (unsigned int i = 0; *(text+i) != '\0'; ++i)
      |                              ^~~~
      |                              test
conftest.c: In function 'int main(int, char**)':
conftest.c:168:24: error: cannot convert 'char*' to 'char* (*)(char**, int)'
  168 | ok |= (argc == 0 || f (e, argv, 0) != argv[0] || f (e, argv, 1) != argv[1]);
      |                        ^
      |                        |
      |                        char*
conftest.c:29:26: note:   initializing argument 1 of 'char* f(char* (*)(char**, int), char**, ...)'
   29 | static char *f (char * (*g) (char **, int), char **p, ...)
      |                 ~~~~~~~~~^~~~~~~~~~~~~~~~~
conftest.c:168:53: error: cannot convert 'char*' to 'char* (*)(char**, int)'
  168 | ok |= (argc == 0 || f (e, argv, 0) != argv[0] || f (e, argv, 1) != argv[1]);
      |                                                     ^
      |                                                     |
      |                                                     char*
conftest.c:29:26: note:   initializing argument 1 of 'char* f(char* (*)(char**, int), char**, ...)'
   29 | static char *f (char * (*g) (char **, int), char **p, ...)
      |                 ~~~~~~~~~^~~~~~~~~~~~~~~~~
conftest.c:178:18: error: expected initializer before 'newvar'
  178 |   char *restrict newvar = "Another string";
      |                  ^~~~~~
conftest.c:186:12: error: invalid conversion from 'void*' to 'incomplete_array*' [-fpermissive]
  186 |     malloc (sizeof (struct incomplete_array) + (sizeof (double) * 10));
      |     ~~~~~~~^~~~~~~~~~~~~~~~~~~~~~~~~~~~~~~~~~~~~~~~~~~~~~~~~~~~~~~~~~~
      |            |
      |            void*
conftest.c:205:58: error: 'newvar' was not declared in this scope
  205 |   ok |= (!success || bignum == 0LL || ubignum == 0uLL || newvar[0] == 'x'
      |                                                          ^~~~~~
configure:5336: $? = 1
configure: failed program was:
| /* confdefs.h */
| #define PACKAGE_NAME "SystemC"
| #define PACKAGE_TARNAME "systemc"
| #define PACKAGE_VERSION "3.0.2"
| #define PACKAGE_STRING "SystemC 3.0.2"
| #define PACKAGE_BUGREPORT "http://forums.accellera.org/forum/9-systemc/"
| #define PACKAGE_URL "http://accellera.org/"
| /* end confdefs.h.  */
| 
| /* Does the compiler advertise C89 conformance?
|    Do not test the value of __STDC__, because some compilers set it to 0
|    while being otherwise adequately conformant. */
| #if !defined __STDC__
| # error "Compiler does not advertise C89 conformance"
| #endif
| 
| #include <stddef.h>
| #include <stdarg.h>
| struct stat;
| /* Most of the following tests are stolen from RCS 5.7 src/conf.sh.  */
| struct buf { int x; };
| struct buf * (*rcsopen) (struct buf *, struct stat *, int);
| static char *e (p, i)
|      char **p;
|      int i;
| {
|   return p[i];
| }
| static char *f (char * (*g) (char **, int), char **p, ...)
| {
|   char *s;
|   va_list v;
|   va_start (v,p);
|   s = g (p, va_arg (v,int));
|   va_end (v);
|   return s;
| }
| 
| /* OSF 4.0 Compaq cc is some sort of almost-ANSI by default.  It has
|    function prototypes and stuff, but not \xHH hex character constants.
|    These do not provoke an error unfortunately, instead are silently treated
|    as an "x".  The following induces an error, until -std is added to get
|    proper ANSI mode.  Curiously \x00 != x always comes out true, for an
|    array size at least.  It is necessary to write \x00 == 0 to get something
|    that is true only with -std.  */
| int osf4_cc_array ['\x00' == 0 ? 1 : -1];
| 
| /* IBM C 6 for AIX is almost-ANSI by default, but it replaces macro parameters
|    inside strings and character constants.  */
| #define FOO(x) 'x'
| int xlc6_cc_array[FOO(a) == 'x' ? 1 : -1];
| 
| int test (int i, double x);
| struct s1 {int (*f) (int a);};
| struct s2 {int (*f) (double a);};
| int pairnames (int, char **, int *(*)(struct buf *, struct stat *, int),
|                int, int);
| 
| // Does the compiler advertise C99 conformance?
| #if !defined __STDC_VERSION__ || __STDC_VERSION__ < 199901L
| # error "Compiler does not advertise C99 conformance"
| #endif
| 
| #include <stdbool.h>
| extern int puts (const char *);
| extern int printf (const char *, ...);
| extern int dprintf (int, const char *, ...);
| extern void *malloc (size_t);
| 
| // Check varargs macros.  These examples are taken from C99 6.10.3.5.
| // dprintf is used instead of fprintf to avoid needing to declare
| // FILE and stderr.
| #define debug(...) dprintf (2, __VA_ARGS__)
| #define showlist(...) puts (#__VA_ARGS__)
| #define report(test,...) ((test) ? puts (#test) : printf (__VA_ARGS__))
| static void
| test_varargs_macros (void)
| {
|   int x = 1234;
|   int y = 5678;
|   debug ("Flag");
|   debug ("X = %d\n", x);
|   showlist (The first, second, and third items.);
|   report (x>y, "x is %d but y is %d", x, y);
| }
| 
| // Check long long types.
| #define BIG64 18446744073709551615ull
| #define BIG32 4294967295ul
| #define BIG_OK (BIG64 / BIG32 == 4294967297ull && BIG64 % BIG32 == 0)
| #if !BIG_OK
|   #error "your preprocessor is broken"
| #endif
| #if BIG_OK
| #else
|   #error "your preprocessor is broken"
| #endif
| static long long int bignum = -9223372036854775807LL;
| static unsigned long long int ubignum = BIG64;
| 
| struct incomplete_array
| {
|   int datasize;
|   double data[];
| };
| 
| struct named_init {
|   int number;
|   const wchar_t *name;
|   double average;
| };
| 
| typedef const char *ccp;
| 
| static inline int
| test_restrict (ccp restrict text)
| {
|   // See if C++-style comments work.
|   // Iterate through items via the restricted pointer.
|   // Also check for declarations in for loops.
|   for (unsigned int i = 0; *(text+i) != '\0'; ++i)
|     continue;
|   return 0;
| }
| 
| // Check varargs and va_copy.
| static bool
| test_varargs (const char *format, ...)
| {
|   va_list args;
|   va_start (args, format);
|   va_list args_copy;
|   va_copy (args_copy, args);
| 
|   const char *str = "";
|   int number = 0;
|   float fnumber = 0;
| 
|   while (*format)
|     {
|       switch (*format++)
| 	{
| 	case 's': // string
| 	  str = va_arg (args_copy, const char *);
| 	  break;
| 	case 'd': // int
| 	  number = va_arg (args_copy, int);
| 	  break;
| 	case 'f': // float
| 	  fnumber = va_arg (args_copy, double);
| 	  break;
| 	default:
| 	  break;
| 	}
|     }
|   va_end (args_copy);
|   va_end (args);
| 
|   return *str && number && fnumber;
| }
| 
| 
| int
| main (int argc, char **argv)
| {
|   int ok = 0;
|   
| ok |= (argc == 0 || f (e, argv, 0) != argv[0] || f (e, argv, 1) != argv[1]);
| 
|   
|   // Check bool.
|   _Bool success = false;
|   success |= (argc != 0);
| 
|   // Check restrict.
|   if (test_restrict ("String literal") == 0)
|     success = true;
|   char *restrict newvar = "Another string";
| 
|   // Check varargs.
|   success &= test_varargs ("s, d' f .", "string", 65, 34.234);
|   test_varargs_macros ();
| 
|   // Check flexible array members.
|   struct incomplete_array *ia =
|     malloc (sizeof (struct incomplete_array) + (sizeof (double) * 10));
|   ia->datasize = 10;
|   for (int i = 0; i < ia->datasize; ++i)
|     ia->data[i] = i * 1.234;
| 
|   // Check named initializers.
|   struct named_init ni = {
|     .number = 34,
|     .name = L"Test wide string",
|     .average = 543.34343,
|   };
| 
|   ni.number = 58;
| 
|   int dynamic_array[ni.number];
|   dynamic_array[0] = argv[0][0];
|   dynamic_array[ni.number - 1] = 543;
| 
|   // work around unused variable warnings
|   ok |= (!success || bignum == 0LL || ubignum == 0uLL || newvar[0] == 'x'
| 	 || dynamic_array[ni.number - 1] != 543);
| 
|   return ok;
| }
| 
configure:5336: g++ -D_STDC_C99= -c   conftest.c >&5
conftest.c:61:3: error: #error "Compiler does not advertise C99 conformance"
   61 | # error "Compiler does not advertise C99 conformance"
      |   ^~~~~
conftest.c:23:17: error: 'p' was not declared in this scope
   23 | static char *e (p, i)
      |                 ^
conftest.c:23:20: error: 'i' was not declared in this scope
   23 | static char *e (p, i)
      |                    ^
conftest.c:23:21: error: expression list treated as compound expression in initializer [-fpermissive]
   23 | static char *e (p, i)
      |                     ^
conftest.c:26:1: error: expected unqualified-id before '{' token
   26 | {
      | ^
conftest.c:116:29: error: expected ',' or '...' before 'text'
  116 | test_restrict (ccp restrict text)
      |                             ^~~~
conftest.c: In function 'int test_restrict(ccp)':
conftest.c:121:30: error: 'text' was not declared in this scope; did you mean 'test'?
  121 |   for (unsigned int i = 0; *(text+i) != '\0'; ++i)
      |                              ^~~~
      |                              test
conftest.c: In function 'int main(int, char**)':
conftest.c:168:24: error: cannot convert 'char*' to 'char* (*)(char**, int)'
  168 | ok |= (argc == 0 || f (e, argv, 0) != argv[0] || f (e, argv, 1) != argv[1]);
      |                        ^
      |                        |
      |                        char*
conftest.c:29:26: note:   initializing argument 1 of 'char* f(char* (*)(char**, int), char**, ...)'
   29 | static char *f (char * (*g) (char **, int), char **p, ...)
      |                 ~~~~~~~~~^~~~~~~~~~~~~~~~~
conftest.c:168:53: error: cannot convert 'char*' to 'char* (*)(char**, int)'
  168 | ok |= (argc == 0 || f (e, argv, 0) != argv[0] || f (e, argv, 1) != argv[1]);
      |                                                     ^
      |                                                     |
      |                                                     char*
conftest.c:29:26: note:   initializing argument 1 of 'char* f(char* (*)(char**, int), char**, ...)'
   29 | static char *f (char * (*g) (char **, int), char **p, ...)
      |                 ~~~~~~~~~^~~~~~~~~~~~~~~~~
conftest.c:178:18: error: expected initializer before 'newvar'
  178 |   char *restrict newvar = "Another string";
      |                  ^~~~~~
conftest.c:186:12: error: invalid conversion from 'void*' to 'incomplete_array*' [-fpermissive]
  186 |     malloc (sizeof (struct incomplete_array) + (sizeof (double) * 10));
      |     ~~~~~~~^~~~~~~~~~~~~~~~~~~~~~~~~~~~~~~~~~~~~~~~~~~~~~~~~~~~~~~~~~~
      |            |
      |            void*
conftest.c:205:58: error: 'newvar' was not declared in this scope
  205 |   ok |= (!success || bignum == 0LL || ubignum == 0uLL || newvar[0] == 'x'
      |                                                          ^~~~~~
configure:5336: $? = 1
configure: failed program was:
| /* confdefs.h */
| #define PACKAGE_NAME "SystemC"
| #define PACKAGE_TARNAME "systemc"
| #define PACKAGE_VERSION "3.0.2"
| #define PACKAGE_STRING "SystemC 3.0.2"
| #define PACKAGE_BUGREPORT "http://forums.accellera.org/forum/9-systemc/"
| #define PACKAGE_URL "http://accellera.org/"
| /* end confdefs.h.  */
| 
| /* Does the compiler advertise C89 conformance?
|    Do not test the value of __STDC__, because some compilers set it to 0
|    while being otherwise adequately conformant. */
| #if !defined __STDC__
| # error "Compiler does not advertise C89 conformance"
| #endif
| 
| #include <stddef.h>
| #include <stdarg.h>
| struct stat;
| /* Most of the following tests are stolen from RCS 5.7 src/conf.sh.  */
| struct buf { int x; };
| struct buf * (*rcsopen) (struct buf *, struct stat *, int);
| static char *e (p, i)
|      char **p;
|      int i;
| {
|   return p[i];
| }
| static char *f (char * (*g) (char **, int), char **p, ...)
| {
|   char *s;
|   va_list v;
|   va_start (v,p);
|   s = g (p, va_arg (v,int));
|   va_end (v);
|   return s;
| }
| 
| /* OSF 4.0 Compaq cc is some sort of almost-ANSI by default.  It has
|    function prototypes and stuff, but not \xHH hex character constants.
|    These do not provoke an error unfortunately, instead are silently treated
|    as an "x".  The following induces an error, until -std is added to get
|    proper ANSI mode.  Curiously \x00 != x always comes out true, for an
|    array size at least.  It is necessary to write \x00 == 0 to get something
|    that is true only with -std.  */
| int osf4_cc_array ['\x00' == 0 ? 1 : -1];
| 
| /* IBM C 6 for AIX is almost-ANSI by default, but it replaces macro parameters
|    inside strings and character constants.  */
| #define FOO(x) 'x'
| int xlc6_cc_array[FOO(a) == 'x' ? 1 : -1];
| 
| int test (int i, double x);
| struct s1 {int (*f) (int a);};
| struct s2 {int (*f) (double a);};
| int pairnames (int, char **, int *(*)(struct buf *, struct stat *, int),
|                int, int);
| 
| // Does the compiler advertise C99 conformance?
| #if !defined __STDC_VERSION__ || __STDC_VERSION__ < 199901L
| # error "Compiler does not advertise C99 conformance"
| #endif
| 
| #include <stdbool.h>
| extern int puts (const char *);
| extern int printf (const char *, ...);
| extern int dprintf (int, const char *, ...);
| extern void *malloc (size_t);
| 
| // Check varargs macros.  These examples are taken from C99 6.10.3.5.
| // dprintf is used instead of fprintf to avoid needing to declare
| // FILE and stderr.
| #define debug(...) dprintf (2, __VA_ARGS__)
| #define showlist(...) puts (#__VA_ARGS__)
| #define report(test,...) ((test) ? puts (#test) : printf (__VA_ARGS__))
| static void
| test_varargs_macros (void)
| {
|   int x = 1234;
|   int y = 5678;
|   debug ("Flag");
|   debug ("X = %d\n", x);
|   showlist (The first, second, and third items.);
|   report (x>y, "x is %d but y is %d", x, y);
| }
| 
| // Check long long types.
| #define BIG64 18446744073709551615ull
| #define BIG32 4294967295ul
| #define BIG_OK (BIG64 / BIG32 == 4294967297ull && BIG64 % BIG32 == 0)
| #if !BIG_OK
|   #error "your preprocessor is broken"
| #endif
| #if BIG_OK
| #else
|   #error "your preprocessor is broken"
| #endif
| static long long int bignum = -9223372036854775807LL;
| static unsigned long long int ubignum = BIG64;
| 
| struct incomplete_array
| {
|   int datasize;
|   double data[];
| };
| 
| struct named_init {
|   int number;
|   const wchar_t *name;
|   double average;
| };
| 
| typedef const char *ccp;
| 
| static inline int
| test_restrict (ccp restrict text)
| {
|   // See if C++-style comments work.
|   // Iterate through items via the restricted pointer.
|   // Also check for declarations in for loops.
|   for (unsigned int i = 0; *(text+i) != '\0'; ++i)
|     continue;
|   return 0;
| }
| 
| // Check varargs and va_copy.
| static bool
| test_varargs (const char *format, ...)
| {
|   va_list args;
|   va_start (args, format);
|   va_list args_copy;
|   va_copy (args_copy, args);
| 
|   const char *str = "";
|   int number = 0;
|   float fnumber = 0;
| 
|   while (*format)
|     {
|       switch (*format++)
| 	{
| 	case 's': // string
| 	  str = va_arg (args_copy, const char *);
| 	  break;
| 	case 'd': // int
| 	  number = va_arg (args_copy, int);
| 	  break;
| 	case 'f': // float
| 	  fnumber = va_arg (args_copy, double);
| 	  break;
| 	default:
| 	  break;
| 	}
|     }
|   va_end (args_copy);
|   va_end (args);
| 
|   return *str && number && fnumber;
| }
| 
| 
| int
| main (int argc, char **argv)
| {
|   int ok = 0;
|   
| ok |= (argc == 0 || f (e, argv, 0) != argv[0] || f (e, argv, 1) != argv[1]);
| 
|   
|   // Check bool.
|   _Bool success = false;
|   success |= (argc != 0);
| 
|   // Check restrict.
|   if (test_restrict ("String literal") == 0)
|     success = true;
|   char *restrict newvar = "Another string";
| 
|   // Check varargs.
|   success &= test_varargs ("s, d' f .", "string", 65, 34.234);
|   test_varargs_macros ();
| 
|   // Check flexible array members.
|   struct incomplete_array *ia =
|     malloc (sizeof (struct incomplete_array) + (sizeof (double) * 10));
|   ia->datasize = 10;
|   for (int i = 0; i < ia->datasize; ++i)
|     ia->data[i] = i * 1.234;
| 
|   // Check named initializers.
|   struct named_init ni = {
|     .number = 34,
|     .name = L"Test wide string",
|     .average = 543.34343,
|   };
| 
|   ni.number = 58;
| 
|   int dynamic_array[ni.number];
|   dynamic_array[0] = argv[0][0];
|   dynamic_array[ni.number - 1] = 543;
| 
|   // work around unused variable warnings
|   ok |= (!success || bignum == 0LL || ubignum == 0uLL || newvar[0] == 'x'
| 	 || dynamic_array[ni.number - 1] != 543);
| 
|   return ok;
| }
| 
configure:5349: result: unsupported
configure:5367: checking for g++ option to enable C89 features
configure:5382: g++  -c   conftest.c >&5
conftest.c:23:17: error: 'p' was not declared in this scope
   23 | static char *e (p, i)
      |                 ^
conftest.c:23:20: error: 'i' was not declared in this scope
   23 | static char *e (p, i)
      |                    ^
conftest.c:23:21: error: expression list treated as compound expression in initializer [-fpermissive]
   23 | static char *e (p, i)
      |                     ^
conftest.c:26:1: error: expected unqualified-id before '{' token
   26 | {
      | ^
conftest.c: In function 'int main(int, char**)':
conftest.c:64:24: error: cannot convert 'char*' to 'char* (*)(char**, int)'
   64 | ok |= (argc == 0 || f (e, argv, 0) != argv[0] || f (e, argv, 1) != argv[1]);
      |                        ^
      |                        |
      |                        char*
conftest.c:29:26: note:   initializing argument 1 of 'char* f(char* (*)(char**, int), char**, ...)'
   29 | static char *f (char * (*g) (char **, int), char **p, ...)
      |                 ~~~~~~~~~^~~~~~~~~~~~~~~~~
conftest.c:64:53: error: cannot convert 'char*' to 'char* (*)(char**, int)'
   64 | ok |= (argc == 0 || f (e, argv, 0) != argv[0] || f (e, argv, 1) != argv[1]);
      |                                                     ^
      |                                                     |
      |                                                     char*
conftest.c:29:26: note:   initializing argument 1 of 'char* f(char* (*)(char**, int), char**, ...)'
   29 | static char *f (char * (*g) (char **, int), char **p, ...)
      |                 ~~~~~~~~~^~~~~~~~~~~~~~~~~
configure:5382: $? = 1
configure: failed program was:
| /* confdefs.h */
| #define PACKAGE_NAME "SystemC"
| #define PACKAGE_TARNAME "systemc"
| #define PACKAGE_VERSION "3.0.2"
| #define PACKAGE_STRING "SystemC 3.0.2"
| #define PACKAGE_BUGREPORT "http://forums.accellera.org/forum/9-systemc/"
| #define PACKAGE_URL "http://accellera.org/"
| /* end confdefs.h.  */
| 
| /* Does the compiler advertise C89 conformance?
|    Do not test the value of __STDC__, because some compilers set it to 0
|    while being otherwise adequately conformant. */
| #if !defined __STDC__
| # error "Compiler does not advertise C89 conformance"
| #endif
| 
| #include <stddef.h>
| #include <stdarg.h>
| struct stat;
| /* Most of the following tests are stolen from RCS 5.7 src/conf.sh.  */
| struct buf { int x; };
| struct buf * (*rcsopen) (struct buf *, struct stat *, int);
| static char *e (p, i)
|      char **p;
|      int i;
| {
|   return p[i];
| }
| static char *f (char * (*g) (char **, int), char **p, ...)
| {
|   char *s;
|   va_list v;
|   va_start (v,p);
|   s = g (p, va_arg (v,int));
|   va_end (v);
|   return s;
| }
| 
| /* OSF 4.0 Compaq cc is some sort of almost-ANSI by default.  It has
|    function prototypes and stuff, but not \xHH hex character constants.
|    These do not provoke an error unfortunately, instead are silently treated
|    as an "x".  The following induces an error, until -std is added to get
|    proper ANSI mode.  Curiously \x00 != x always comes out true, for an
|    array size at least.  It is necessary to write \x00 == 0 to get something
|    that is true only with -std.  */
| int osf4_cc_array ['\x00' == 0 ? 1 : -1];
| 
| /* IBM C 6 for AIX is almost-ANSI by default, but it replaces macro parameters
|    inside strings and character constants.  */
| #define FOO(x) 'x'
| int xlc6_cc_array[FOO(a) == 'x' ? 1 : -1];
| 
| int test (int i, double x);
| struct s1 {int (*f) (int a);};
| struct s2 {int (*f) (double a);};
| int pairnames (int, char **, int *(*)(struct buf *, struct stat *, int),
|                int, int);
| 
| int
| main (int argc, char **argv)
| {
|   int ok = 0;
|   
| ok |= (argc == 0 || f (e, argv, 0) != argv[0] || f (e, argv, 1) != argv[1]);
| 
|   return ok;
| }
| 
configure:5382: g++ -qlanglvl=extc89 -c   conftest.c >&5
g++: error: unrecognized command-line option '-qlanglvl=extc89'
configure:5382: $? = 1
configure: failed program was:
| /* confdefs.h */
| #define PACKAGE_NAME "SystemC"
| #define PACKAGE_TARNAME "systemc"
| #define PACKAGE_VERSION "3.0.2"
| #define PACKAGE_STRING "SystemC 3.0.2"
| #define PACKAGE_BUGREPORT "http://forums.accellera.org/forum/9-systemc/"
| #define PACKAGE_URL "http://accellera.org/"
| /* end confdefs.h.  */
| 
| /* Does the compiler advertise C89 conformance?
|    Do not test the value of __STDC__, because some compilers set it to 0
|    while being otherwise adequately conformant. */
| #if !defined __STDC__
| # error "Compiler does not advertise C89 conformance"
| #endif
| 
| #include <stddef.h>
| #include <stdarg.h>
| struct stat;
| /* Most of the following tests are stolen from RCS 5.7 src/conf.sh.  */
| struct buf { int x; };
| struct buf * (*rcsopen) (struct buf *, struct stat *, int);
| static char *e (p, i)
|      char **p;
|      int i;
| {
|   return p[i];
| }
| static char *f (char * (*g) (char **, int), char **p, ...)
| {
|   char *s;
|   va_list v;
|   va_start (v,p);
|   s = g (p, va_arg (v,int));
|   va_end (v);
|   return s;
| }
| 
| /* OSF 4.0 Compaq cc is some sort of almost-ANSI by default.  It has
|    function prototypes and stuff, but not \xHH hex character constants.
|    These do not provoke an error unfortunately, instead are silently treated
|    as an "x".  The following induces an error, until -std is added to get
|    proper ANSI mode.  Curiously \x00 != x always comes out true, for an
|    array size at least.  It is necessary to write \x00 == 0 to get something
|    that is true only with -std.  */
| int osf4_cc_array ['\x00' == 0 ? 1 : -1];
| 
| /* IBM C 6 for AIX is almost-ANSI by default, but it replaces macro parameters
|    inside strings and character constants.  */
| #define FOO(x) 'x'
| int xlc6_cc_array[FOO(a) == 'x' ? 1 : -1];
| 
| int test (int i, double x);
| struct s1 {int (*f) (int a);};
| struct s2 {int (*f) (double a);};
| int pairnames (int, char **, int *(*)(struct buf *, struct stat *, int),
|                int, int);
| 
| int
| main (int argc, char **argv)
| {
|   int ok = 0;
|   
| ok |= (argc == 0 || f (e, argv, 0) != argv[0] || f (e, argv, 1) != argv[1]);
| 
|   return ok;
| }
| 
configure:5382: g++ -qlanglvl=ansi -c   conftest.c >&5
g++: error: unrecognized command-line option '-qlanglvl=ansi'
configure:5382: $? = 1
configure: failed program was:
| /* confdefs.h */
| #define PACKAGE_NAME "SystemC"
| #define PACKAGE_TARNAME "systemc"
| #define PACKAGE_VERSION "3.0.2"
| #define PACKAGE_STRING "SystemC 3.0.2"
| #define PACKAGE_BUGREPORT "http://forums.accellera.org/forum/9-systemc/"
| #define PACKAGE_URL "http://accellera.org/"
| /* end confdefs.h.  */
| 
| /* Does the compiler advertise C89 conformance?
|    Do not test the value of __STDC__, because some compilers set it to 0
|    while being otherwise adequately conformant. */
| #if !defined __STDC__
| # error "Compiler does not advertise C89 conformance"
| #endif
| 
| #include <stddef.h>
| #include <stdarg.h>
| struct stat;
| /* Most of the following tests are stolen from RCS 5.7 src/conf.sh.  */
| struct buf { int x; };
| struct buf * (*rcsopen) (struct buf *, struct stat *, int);
| static char *e (p, i)
|      char **p;
|      int i;
| {
|   return p[i];
| }
| static char *f (char * (*g) (char **, int), char **p, ...)
| {
|   char *s;
|   va_list v;
|   va_start (v,p);
|   s = g (p, va_arg (v,int));
|   va_end (v);
|   return s;
| }
| 
| /* OSF 4.0 Compaq cc is some sort of almost-ANSI by default.  It has
|    function prototypes and stuff, but not \xHH hex character constants.
|    These do not provoke an error unfortunately, instead are silently treated
|    as an "x".  The following induces an error, until -std is added to get
|    proper ANSI mode.  Curiously \x00 != x always comes out true, for an
|    array size at least.  It is necessary to write \x00 == 0 to get something
|    that is true only with -std.  */
| int osf4_cc_array ['\x00' == 0 ? 1 : -1];
| 
| /* IBM C 6 for AIX is almost-ANSI by default, but it replaces macro parameters
|    inside strings and character constants.  */
| #define FOO(x) 'x'
| int xlc6_cc_array[FOO(a) == 'x' ? 1 : -1];
| 
| int test (int i, double x);
| struct s1 {int (*f) (int a);};
| struct s2 {int (*f) (double a);};
| int pairnames (int, char **, int *(*)(struct buf *, struct stat *, int),
|                int, int);
| 
| int
| main (int argc, char **argv)
| {
|   int ok = 0;
|   
| ok |= (argc == 0 || f (e, argv, 0) != argv[0] || f (e, argv, 1) != argv[1]);
| 
|   return ok;
| }
| 
configure:5382: g++ -std -c   conftest.c >&5
g++: error: unrecognized command-line option '-std'
configure:5382: $? = 1
configure: failed program was:
| /* confdefs.h */
| #define PACKAGE_NAME "SystemC"
| #define PACKAGE_TARNAME "systemc"
| #define PACKAGE_VERSION "3.0.2"
| #define PACKAGE_STRING "SystemC 3.0.2"
| #define PACKAGE_BUGREPORT "http://forums.accellera.org/forum/9-systemc/"
| #define PACKAGE_URL "http://accellera.org/"
| /* end confdefs.h.  */
| 
| /* Does the compiler advertise C89 conformance?
|    Do not test the value of __STDC__, because some compilers set it to 0
|    while being otherwise adequately conformant. */
| #if !defined __STDC__
| # error "Compiler does not advertise C89 conformance"
| #endif
| 
| #include <stddef.h>
| #include <stdarg.h>
| struct stat;
| /* Most of the following tests are stolen from RCS 5.7 src/conf.sh.  */
| struct buf { int x; };
| struct buf * (*rcsopen) (struct buf *, struct stat *, int);
| static char *e (p, i)
|      char **p;
|      int i;
| {
|   return p[i];
| }
| static char *f (char * (*g) (char **, int), char **p, ...)
| {
|   char *s;
|   va_list v;
|   va_start (v,p);
|   s = g (p, va_arg (v,int));
|   va_end (v);
|   return s;
| }
| 
| /* OSF 4.0 Compaq cc is some sort of almost-ANSI by default.  It has
|    function prototypes and stuff, but not \xHH hex character constants.
|    These do not provoke an error unfortunately, instead are silently treated
|    as an "x".  The following induces an error, until -std is added to get
|    proper ANSI mode.  Curiously \x00 != x always comes out true, for an
|    array size at least.  It is necessary to write \x00 == 0 to get something
|    that is true only with -std.  */
| int osf4_cc_array ['\x00' == 0 ? 1 : -1];
| 
| /* IBM C 6 for AIX is almost-ANSI by default, but it replaces macro parameters
|    inside strings and character constants.  */
| #define FOO(x) 'x'
| int xlc6_cc_array[FOO(a) == 'x' ? 1 : -1];
| 
| int test (int i, double x);
| struct s1 {int (*f) (int a);};
| struct s2 {int (*f) (double a);};
| int pairnames (int, char **, int *(*)(struct buf *, struct stat *, int),
|                int, int);
| 
| int
| main (int argc, char **argv)
| {
|   int ok = 0;
|   
| ok |= (argc == 0 || f (e, argv, 0) != argv[0] || f (e, argv, 1) != argv[1]);
| 
|   return ok;
| }
| 
configure:5382: g++ -Ae -c   conftest.c >&5
<command-line>: error: missing '(' after predicate
conftest.c:23:17: error: 'p' was not declared in this scope
   23 | static char *e (p, i)
      |                 ^
conftest.c:23:20: error: 'i' was not declared in this scope
   23 | static char *e (p, i)
      |                    ^
conftest.c:23:21: error: expression list treated as compound expression in initializer [-fpermissive]
   23 | static char *e (p, i)
      |                     ^
conftest.c:26:1: error: expected unqualified-id before '{' token
   26 | {
      | ^
conftest.c: In function 'int main(int, char**)':
conftest.c:64:24: error: cannot convert 'char*' to 'char* (*)(char**, int)'
   64 | ok |= (argc == 0 || f (e, argv, 0) != argv[0] || f (e, argv, 1) != argv[1]);
      |                        ^
      |                        |
      |                        char*
conftest.c:29:26: note:   initializing argument 1 of 'char* f(char* (*)(char**, int), char**, ...)'
   29 | static char *f (char * (*g) (char **, int), char **p, ...)
      |                 ~~~~~~~~~^~~~~~~~~~~~~~~~~
conftest.c:64:53: error: cannot convert 'char*' to 'char* (*)(char**, int)'
   64 | ok |= (argc == 0 || f (e, argv, 0) != argv[0] || f (e, argv, 1) != argv[1]);
      |                                                     ^
      |                                                     |
      |                                                     char*
conftest.c:29:26: note:   initializing argument 1 of 'char* f(char* (*)(char**, int), char**, ...)'
   29 | static char *f (char * (*g) (char **, int), char **p, ...)
      |                 ~~~~~~~~~^~~~~~~~~~~~~~~~~
configure:5382: $? = 1
configure: failed program was:
| /* confdefs.h */
| #define PACKAGE_NAME "SystemC"
| #define PACKAGE_TARNAME "systemc"
| #define PACKAGE_VERSION "3.0.2"
| #define PACKAGE_STRING "SystemC 3.0.2"
| #define PACKAGE_BUGREPORT "http://forums.accellera.org/forum/9-systemc/"
| #define PACKAGE_URL "http://accellera.org/"
| /* end confdefs.h.  */
| 
| /* Does the compiler advertise C89 conformance?
|    Do not test the value of __STDC__, because some compilers set it to 0
|    while being otherwise adequately conformant. */
| #if !defined __STDC__
| # error "Compiler does not advertise C89 conformance"
| #endif
| 
| #include <stddef.h>
| #include <stdarg.h>
| struct stat;
| /* Most of the following tests are stolen from RCS 5.7 src/conf.sh.  */
| struct buf { int x; };
| struct buf * (*rcsopen) (struct buf *, struct stat *, int);
| static char *e (p, i)
|      char **p;
|      int i;
| {
|   return p[i];
| }
| static char *f (char * (*g) (char **, int), char **p, ...)
| {
|   char *s;
|   va_list v;
|   va_start (v,p);
|   s = g (p, va_arg (v,int));
|   va_end (v);
|   return s;
| }
| 
| /* OSF 4.0 Compaq cc is some sort of almost-ANSI by default.  It has
|    function prototypes and stuff, but not \xHH hex character constants.
|    These do not provoke an error unfortunately, instead are silently treated
|    as an "x".  The following induces an error, until -std is added to get
|    proper ANSI mode.  Curiously \x00 != x always comes out true, for an
|    array size at least.  It is necessary to write \x00 == 0 to get something
|    that is true only with -std.  */
| int osf4_cc_array ['\x00' == 0 ? 1 : -1];
| 
| /* IBM C 6 for AIX is almost-ANSI by default, but it replaces macro parameters
|    inside strings and character constants.  */
| #define FOO(x) 'x'
| int xlc6_cc_array[FOO(a) == 'x' ? 1 : -1];
| 
| int test (int i, double x);
| struct s1 {int (*f) (int a);};
| struct s2 {int (*f) (double a);};
| int pairnames (int, char **, int *(*)(struct buf *, struct stat *, int),
|                int, int);
| 
| int
| main (int argc, char **argv)
| {
|   int ok = 0;
|   
| ok |= (argc == 0 || f (e, argv, 0) != argv[0] || f (e, argv, 1) != argv[1]);
| 
|   return ok;
| }
| 
configure:5382: g++ -Aa -D_HPUX_SOURCE -c   conftest.c >&5
<command-line>: error: missing '(' after predicate
conftest.c:23:17: error: 'p' was not declared in this scope
   23 | static char *e (p, i)
      |                 ^
conftest.c:23:20: error: 'i' was not declared in this scope
   23 | static char *e (p, i)
      |                    ^
conftest.c:23:21: error: expression list treated as compound expression in initializer [-fpermissive]
   23 | static char *e (p, i)
      |                     ^
conftest.c:26:1: error: expected unqualified-id before '{' token
   26 | {
      | ^
conftest.c: In function 'int main(int, char**)':
conftest.c:64:24: error: cannot convert 'char*' to 'char* (*)(char**, int)'
   64 | ok |= (argc == 0 || f (e, argv, 0) != argv[0] || f (e, argv, 1) != argv[1]);
      |                        ^
      |                        |
      |                        char*
conftest.c:29:26: note:   initializing argument 1 of 'char* f(char* (*)(char**, int), char**, ...)'
   29 | static char *f (char * (*g) (char **, int), char **p, ...)
      |                 ~~~~~~~~~^~~~~~~~~~~~~~~~~
conftest.c:64:53: error: cannot convert 'char*' to 'char* (*)(char**, int)'
   64 | ok |= (argc == 0 || f (e, argv, 0) != argv[0] || f (e, argv, 1) != argv[1]);
      |                                                     ^
      |                                                     |
      |                                                     char*
conftest.c:29:26: note:   initializing argument 1 of 'char* f(char* (*)(char**, int), char**, ...)'
   29 | static char *f (char * (*g) (char **, int), char **p, ...)
      |                 ~~~~~~~~~^~~~~~~~~~~~~~~~~
configure:5382: $? = 1
configure: failed program was:
| /* confdefs.h */
| #define PACKAGE_NAME "SystemC"
| #define PACKAGE_TARNAME "systemc"
| #define PACKAGE_VERSION "3.0.2"
| #define PACKAGE_STRING "SystemC 3.0.2"
| #define PACKAGE_BUGREPORT "http://forums.accellera.org/forum/9-systemc/"
| #define PACKAGE_URL "http://accellera.org/"
| /* end confdefs.h.  */
| 
| /* Does the compiler advertise C89 conformance?
|    Do not test the value of __STDC__, because some compilers set it to 0
|    while being otherwise adequately conformant. */
| #if !defined __STDC__
| # error "Compiler does not advertise C89 conformance"
| #endif
| 
| #include <stddef.h>
| #include <stdarg.h>
| struct stat;
| /* Most of the following tests are stolen from RCS 5.7 src/conf.sh.  */
| struct buf { int x; };
| struct buf * (*rcsopen) (struct buf *, struct stat *, int);
| static char *e (p, i)
|      char **p;
|      int i;
| {
|   return p[i];
| }
| static char *f (char * (*g) (char **, int), char **p, ...)
| {
|   char *s;
|   va_list v;
|   va_start (v,p);
|   s = g (p, va_arg (v,int));
|   va_end (v);
|   return s;
| }
| 
| /* OSF 4.0 Compaq cc is some sort of almost-ANSI by default.  It has
|    function prototypes and stuff, but not \xHH hex character constants.
|    These do not provoke an error unfortunately, instead are silently treated
|    as an "x".  The following induces an error, until -std is added to get
|    proper ANSI mode.  Curiously \x00 != x always comes out true, for an
|    array size at least.  It is necessary to write \x00 == 0 to get something
|    that is true only with -std.  */
| int osf4_cc_array ['\x00' == 0 ? 1 : -1];
| 
| /* IBM C 6 for AIX is almost-ANSI by default, but it replaces macro parameters
|    inside strings and character constants.  */
| #define FOO(x) 'x'
| int xlc6_cc_array[FOO(a) == 'x' ? 1 : -1];
| 
| int test (int i, double x);
| struct s1 {int (*f) (int a);};
| struct s2 {int (*f) (double a);};
| int pairnames (int, char **, int *(*)(struct buf *, struct stat *, int),
|                int, int);
| 
| int
| main (int argc, char **argv)
| {
|   int ok = 0;
|   
| ok |= (argc == 0 || f (e, argv, 0) != argv[0] || f (e, argv, 1) != argv[1]);
| 
|   return ok;
| }
| 
configure:5382: g++ -Xc -D__EXTENSIONS__ -c   conftest.c >&5
g++: error: unrecognized command-line option '-Xc'; did you mean '-X'?
configure:5382: $? = 1
configure: failed program was:
| /* confdefs.h */
| #define PACKAGE_NAME "SystemC"
| #define PACKAGE_TARNAME "systemc"
| #define PACKAGE_VERSION "3.0.2"
| #define PACKAGE_STRING "SystemC 3.0.2"
| #define PACKAGE_BUGREPORT "http://forums.accellera.org/forum/9-systemc/"
| #define PACKAGE_URL "http://accellera.org/"
| /* end confdefs.h.  */
| 
| /* Does the compiler advertise C89 conformance?
|    Do not test the value of __STDC__, because some compilers set it to 0
|    while being otherwise adequately conformant. */
| #if !defined __STDC__
| # error "Compiler does not advertise C89 conformance"
| #endif
| 
| #include <stddef.h>
| #include <stdarg.h>
| struct stat;
| /* Most of the following tests are stolen from RCS 5.7 src/conf.sh.  */
| struct buf { int x; };
| struct buf * (*rcsopen) (struct buf *, struct stat *, int);
| static char *e (p, i)
|      char **p;
|      int i;
| {
|   return p[i];
| }
| static char *f (char * (*g) (char **, int), char **p, ...)
| {
|   char *s;
|   va_list v;
|   va_start (v,p);
|   s = g (p, va_arg (v,int));
|   va_end (v);
|   return s;
| }
| 
| /* OSF 4.0 Compaq cc is some sort of almost-ANSI by default.  It has
|    function prototypes and stuff, but not \xHH hex character constants.
|    These do not provoke an error unfortunately, instead are silently treated
|    as an "x".  The following induces an error, until -std is added to get
|    proper ANSI mode.  Curiously \x00 != x always comes out true, for an
|    array size at least.  It is necessary to write \x00 == 0 to get something
|    that is true only with -std.  */
| int osf4_cc_array ['\x00' == 0 ? 1 : -1];
| 
| /* IBM C 6 for AIX is almost-ANSI by default, but it replaces macro parameters
|    inside strings and character constants.  */
| #define FOO(x) 'x'
| int xlc6_cc_array[FOO(a) == 'x' ? 1 : -1];
| 
| int test (int i, double x);
| struct s1 {int (*f) (int a);};
| struct s2 {int (*f) (double a);};
| int pairnames (int, char **, int *(*)(struct buf *, struct stat *, int),
|                int, int);
| 
| int
| main (int argc, char **argv)
| {
|   int ok = 0;
|   
| ok |= (argc == 0 || f (e, argv, 0) != argv[0] || f (e, argv, 1) != argv[1]);
| 
|   return ok;
| }
| 
configure:5395: result: unsupported
configure:5424: checking whether g++ understands -c and -o together
configure:5447: g++ -c conftest.c -o conftest2.o
configure:5450: $? = 0
configure:5447: g++ -c conftest.c -o conftest2.o
configure:5450: $? = 0
configure:5462: result: yes
configure:5481: checking dependency style of g++
configure:5593: result: gcc3
configure:5610: checking whether we are using a Clang/LLVM C compiler
configure:5637: g++ -c   conftest.c >&5
conftest.c: In function 'int main()':
conftest.c:15:5: error: 'clang' was not declared in this scope
   15 | not clang
      |     ^~~~~
configure:5637: $? = 1
configure: failed program was:
| /* confdefs.h */
| #define PACKAGE_NAME "SystemC"
| #define PACKAGE_TARNAME "systemc"
| #define PACKAGE_VERSION "3.0.2"
| #define PACKAGE_STRING "SystemC 3.0.2"
| #define PACKAGE_BUGREPORT "http://forums.accellera.org/forum/9-systemc/"
| #define PACKAGE_URL "http://accellera.org/"
| /* end confdefs.h.  */
| 
| int
| main (void)
| {
| 
| #ifndef __clang__
| not clang
| #endif
| 
|   ;
|   return 0;
| }
configure:5651: result: no
configure:5709: checking for ar
configure:5730: found /usr/bin/ar
configure:5741: result: ar
configure:5767: checking the archiver (ar) interface
configure:5784: g++ -c   conftest.c >&5
configure:5784: $? = 0
configure:5787: ar cru libconftest.a conftest.o >&5
ar: `u' modifier ignored since `D' is the default (see `U')
configure:5790: $? = 0
configure:5818: result: ar
configure:5850: checking dependency style of g++
configure:5960: result: gcc3
configure:5976: checking whether ln -s works
configure:5980: result: yes
configure:6269: checking for the pthreads library -lpthreads
configure:6307: g++ -o conftest     conftest.c -lpthreads  >&5
/usr/bin/ld: cannot find -lpthreads: No such file or directory
collect2: error: ld returned 1 exit status
configure:6307: $? = 1
configure: failed program was:
| /* confdefs.h */
| #define PACKAGE_NAME "SystemC"
| #define PACKAGE_TARNAME "systemc"
| #define PACKAGE_VERSION "3.0.2"
| #define PACKAGE_STRING "SystemC 3.0.2"
| #define PACKAGE_BUGREPORT "http://forums.accellera.org/forum/9-systemc/"
| #define PACKAGE_URL "http://accellera.org/"
| /* end confdefs.h.  */
| #include <pthread.h>
|                         static void routine(void *a) { a = 0; }
|                         static void *start_routine(void *a) { return a; }
| int
| main (void)
| {
| pthread_t th; pthread_attr_t attr;
|                         pthread_create(&th, 0, start_routine, 0);
|                         pthread_join(th, 0);
|                         pthread_attr_init(&attr);
|                         pthread_cleanup_push(routine, 0);
|                         pthread_cleanup_pop(0) /* ; */
|   ;
|   return 0;
| }
configure:6317: result: no
configure:6209: checking whether pthreads work without any flags
configure:6307: g++ -o conftest     conftest.c   >&5
configure:6307: $? = 0
configure:6317: result: yes
configure:6336: checking for joinable pthread attribute
configure:6351: g++ -o conftest     conftest.c   >&5
configure:6351: $? = 0
configure:6358: result: PTHREAD_CREATE_JOINABLE
configure:6366: checking if more special flags are required for pthreads
configure:6380: result: no
configure:6386: checking for PTHREAD_PRIO_INHERIT
configure:6405: g++ -o conftest     conftest.c   >&5
configure:6405: $? = 0
configure:6415: result: yes
configure:6561: checking how to print strings
configure:6588: result: printf
configure:6609: checking for a sed that does not truncate output
configure:6679: result: /usr/bin/sed
configure:6697: checking for grep that handles long lines and -e
configure:6761: result: /usr/bin/grep
configure:6766: checking for egrep
configure:6834: result: /usr/bin/grep -E
configure:6839: checking for fgrep
configure:6907: result: /usr/bin/grep -F
configure:6943: checking for ld used by g++
configure:7011: result: /usr/bin/ld
configure:7018: checking if the linker (/usr/bin/ld) is GNU ld
configure:7034: result: yes
configure:7046: checking for BSD- or MS-compatible name lister (nm)
configure:7101: result: /usr/bin/nm -B
configure:7241: checking the name lister (/usr/bin/nm -B) interface
configure:7249: g++ -c -Wall -m64   conftest.cpp >&5
configure:7252: /usr/bin/nm -B "conftest.o"
configure:7255: output
0000000000000000 B some_variable
configure:7262: result: BSD nm
configure:7266: checking the maximum length of command line arguments
configure:7398: result: 1572864
configure:7446: checking how to convert x86_64-unknown-linux-gnu file names to x86_64-unknown-linux-gnu format
configure:7487: result: func_convert_file_noop
configure:7494: checking how to convert x86_64-unknown-linux-gnu file names to toolchain format
configure:7515: result: func_convert_file_noop
configure:7522: checking for /usr/bin/ld option to reload object files
configure:7530: result: -r
configure:7609: checking for objdump
configure:7630: found /usr/bin/objdump
configure:7641: result: objdump
configure:7673: checking how to recognize dependent libraries
configure:7874: result: pass_all
configure:7964: checking for dlltool
configure:7999: result: no
configure:8029: checking how to associate runtime and link libraries
configure:8057: result: printf %s\n
configure:8191: checking for archiver @FILE support
configure:8209: g++ -c -Wall -m64   conftest.cpp >&5
configure:8209: $? = 0
configure:8213: ar cr libconftest.a @conftest.lst >&5
configure:8216: $? = 0
configure:8221: ar cr libconftest.a @conftest.lst >&5
ar: conftest.o: No such file or directory
configure:8224: $? = 1
configure:8236: result: @
configure:8299: checking for strip
configure:8320: found /usr/bin/strip
configure:8331: result: strip
configure:8408: checking for ranlib
configure:8429: found /usr/bin/ranlib
configure:8440: result: ranlib
configure:8542: checking command to parse /usr/bin/nm -B output from g++ object
configure:8696: g++ -c -Wall -m64   conftest.cpp >&5
configure:8699: $? = 0
configure:8703: /usr/bin/nm -B conftest.o | sed -n -e 's/^.*[	 ]\([ABCDGIRSTW][ABCDGIRSTW]*\)[	 ][	 ]*\([_A-Za-z][_A-Za-z0-9]*\)$/\1 \2 \2/p' | sed '/ __gnu_lto/d' > conftest.nm
configure:8769: g++ -o conftest -Wall -m64    conftest.cpp conftstm.o >&5
configure:8772: $? = 0
configure:8810: result: ok
configure:8857: checking for sysroot
configure:8888: result: no
configure:8895: checking for a working dd
configure:8939: result: /usr/bin/dd
configure:8943: checking how to truncate binary pipes
configure:8959: result: /usr/bin/dd bs=4096 count=1
configure:9096: g++ -c -Wall -m64   conftest.cpp >&5
configure:9099: $? = 0
configure:9296: checking for mt
configure:9317: found /usr/bin/mt
configure:9328: result: mt
configure:9351: checking if mt is a manifest tool
configure:9358: mt '-?'
configure:9366: result: no
configure:10096: checking for stdio.h
configure:10096: g++ -c -Wall -m64   conftest.cpp >&5
configure:10096: $? = 0
configure:10096: result: yes
configure:10096: checking for stdlib.h
configure:10096: g++ -c -Wall -m64   conftest.cpp >&5
configure:10096: $? = 0
configure:10096: result: yes
configure:10096: checking for string.h
configure:10096: g++ -c -Wall -m64   conftest.cpp >&5
configure:10096: $? = 0
configure:10096: result: yes
configure:10096: checking for inttypes.h
configure:10096: g++ -c -Wall -m64   conftest.cpp >&5
configure:10096: $? = 0
configure:10096: result: yes
configure:10096: checking for stdint.h
configure:10096: g++ -c -Wall -m64   conftest.cpp >&5
configure:10096: $? = 0
configure:10096: result: yes
configure:10096: checking for strings.h
configure:10096: g++ -c -Wall -m64   conftest.cpp >&5
configure:10096: $? = 0
configure:10096: result: yes
configure:10096: checking for sys/stat.h
configure:10096: g++ -c -Wall -m64   conftest.cpp >&5
configure:10096: $? = 0
configure:10096: result: yes
configure:10096: checking for sys/types.h
configure:10096: g++ -c -Wall -m64   conftest.cpp >&5
configure:10096: $? = 0
configure:10096: result: yes
configure:10096: checking for unistd.h
configure:10096: g++ -c -Wall -m64   conftest.cpp >&5
configure:10096: $? = 0
configure:10096: result: yes
configure:10121: checking for dlfcn.h
configure:10121: g++ -c -Wall -m64   conftest.cpp >&5
configure:10121: $? = 0
configure:10121: result: yes
configure:10390: checking for objdir
configure:10406: result: .libs
configure:10670: checking if g++ supports -fno-rtti -fno-exceptions
configure:10689: g++ -c   -fno-rtti -fno-exceptions conftest.c >&5
configure:10693: $? = 0
configure:10706: result: yes
configure:11070: checking for g++ option to produce PIC
configure:11078: result: -fPIC -DPIC
configure:11086: checking if g++ PIC flag -fPIC -DPIC works
configure:11105: g++ -c   -fPIC -DPIC -DPIC conftest.c >&5
configure:11109: $? = 0
configure:11122: result: yes
configure:11151: checking if g++ static flag -static works
configure:11180: result: yes
configure:11195: checking if g++ supports -c -o file.o
configure:11217: g++ -c   -o out/conftest2.o conftest.c >&5
configure:11221: $? = 0
configure:11243: result: yes
configure:11251: checking if g++ supports -c -o file.o
configure:11299: result: yes
configure:11332: checking whether the g++ linker (/usr/bin/ld -m elf_x86_64) supports shared libraries
configure:12602: result: yes
configure:12639: checking whether -lc should be explicitly linked in
configure:12648: g++ -c   conftest.c >&5
configure:12651: $? = 0
configure:12666: g++ -shared  -fPIC -DPIC conftest.o  -v -Wl,-soname -Wl,conftest -o conftest 2\>\&1 \| /usr/bin/grep  -lc  \>/dev/null 2\>\&1
configure:12669: $? = 0
configure:12683: result: no
configure:12843: checking dynamic linker characteristics
configure:13425: g++ -o conftest    -Wl,-rpath -Wl,/foo conftest.c  >&5
configure:13425: $? = 0
configure:13676: result: GNU/Linux ld.so
configure:13798: checking how to hardcode library paths into programs
configure:13823: result: immediate
configure:14375: checking whether stripping libraries is possible
configure:14380: result: yes
configure:14415: checking if libtool supports shared libraries
configure:14417: result: yes
configure:14420: checking whether to build shared libraries
configure:14445: result: yes
configure:14448: checking whether to build static libraries
configure:14452: result: yes
configure:14475: checking how to run the C++ preprocessor
configure:14497: g++ -E  conftest.cpp
configure:14497: $? = 0
configure:14512: g++ -E  conftest.cpp
conftest.cpp:23:10: fatal error: ac_nonexistent.h: No such file or directory
   23 | #include <ac_nonexistent.h>
      |          ^~~~~~~~~~~~~~~~~~
compilation terminated.
configure:14512: $? = 1
configure: failed program was:
| /* confdefs.h */
| #define PACKAGE_NAME "SystemC"
| #define PACKAGE_TARNAME "systemc"
| #define PACKAGE_VERSION "3.0.2"
| #define PACKAGE_STRING "SystemC 3.0.2"
| #define PACKAGE_BUGREPORT "http://forums.accellera.org/forum/9-systemc/"
| #define PACKAGE_URL "http://accellera.org/"
| #define HAVE_PTHREAD_PRIO_INHERIT 1
| #define HAVE_PTHREAD 1
| #define HAVE_STDIO_H 1
| #define HAVE_STDLIB_H 1
| #define HAVE_STRING_H 1
| #define HAVE_INTTYPES_H 1
| #define HAVE_STDINT_H 1
| #define HAVE_STRINGS_H 1
| #define HAVE_SYS_STAT_H 1
| #define HAVE_SYS_TYPES_H 1
| #define HAVE_UNISTD_H 1
| #define STDC_HEADERS 1
| #define HAVE_DLFCN_H 1
| #define LT_OBJDIR ".libs/"
| /* end confdefs.h.  */
| #include <ac_nonexistent.h>
configure:14539: result: g++ -E
configure:14553: g++ -E  conftest.cpp
configure:14553: $? = 0
configure:14568: g++ -E  conftest.cpp
conftest.cpp:23:10: fatal error: ac_nonexistent.h: No such file or directory
   23 | #include <ac_nonexistent.h>
      |          ^~~~~~~~~~~~~~~~~~
compilation terminated.
configure:14568: $? = 1
configure: failed program was:
| /* confdefs.h */
| #define PACKAGE_NAME "SystemC"
| #define PACKAGE_TARNAME "systemc"
| #define PACKAGE_VERSION "3.0.2"
| #define PACKAGE_STRING "SystemC 3.0.2"
| #define PACKAGE_BUGREPORT "http://forums.accellera.org/forum/9-systemc/"
| #define PACKAGE_URL "http://accellera.org/"
| #define HAVE_PTHREAD_PRIO_INHERIT 1
| #define HAVE_PTHREAD 1
| #define HAVE_STDIO_H 1
| #define HAVE_STDLIB_H 1
| #define HAVE_STRING_H 1
| #define HAVE_INTTYPES_H 1
| #define HAVE_STDINT_H 1
| #define HAVE_STRINGS_H 1
| #define HAVE_SYS_STAT_H 1
| #define HAVE_SYS_TYPES_H 1
| #define HAVE_UNISTD_H 1
| #define STDC_HEADERS 1
| #define HAVE_DLFCN_H 1
| #define LT_OBJDIR ".libs/"
| /* end confdefs.h.  */
| #include <ac_nonexistent.h>
configure:14733: checking for ld used by g++
configure:14801: result: /usr/bin/ld -m elf_x86_64
configure:14808: checking if the linker (/usr/bin/ld -m elf_x86_64) is GNU ld
configure:14824: result: yes
configure:14879: checking whether the g++ linker (/usr/bin/ld -m elf_x86_64) supports shared libraries
configure:15956: result: yes
configure:15992: g++ -c -Wall -m64   conftest.cpp >&5
configure:15995: $? = 0
configure:16476: checking for g++ option to produce PIC
configure:16484: result: -fPIC -DPIC
configure:16492: checking if g++ PIC flag -fPIC -DPIC works
configure:16511: g++ -c -Wall -m64   -fPIC -DPIC -DPIC conftest.cpp >&5
configure:16515: $? = 0
configure:16528: result: yes
configure:16551: checking if g++ static flag -static works
configure:16580: result: yes
configure:16592: checking if g++ supports -c -o file.o
configure:16614: g++ -c -Wall -m64   -o out/conftest2.o conftest.cpp >&5
configure:16618: $? = 0
configure:16640: result: yes
configure:16645: checking if g++ supports -c -o file.o
configure:16693: result: yes
configure:16723: checking whether the g++ linker (/usr/bin/ld -m elf_x86_64) supports shared libraries
configure:16766: result: yes
configure:16908: checking dynamic linker characteristics
configure:17668: result: GNU/Linux ld.so
configure:17733: checking how to hardcode library paths into programs
configure:17758: result: immediate
configure:17822: checking for SystemC install layout
configure:17849: result: classic
configure:17905: checking for SystemC library arch suffix
configure:17926: result: default (TARGET_ARCH=linux64)
configure:17929: checking whether to add debug symbols to the SystemC library
configure:17952: result: no
configure:17955: checking whether to enable compiler optimization
configure:17978: result: yes
configure:17981: checking whether to use C++ std::thread for SystemC processes
configure:18000: checking whether to use POSIX threads for SystemC processes
configure:18080: result: no
configure:18083: checking whether to enable VCD scopes by default
configure:18108: result: yes
configure:18304: checking that generated files are newer than configure
configure:18310: result: done
configure:18389: creating ./config.status

## ---------------------- ##
## Running config.status. ##
## ---------------------- ##

This file was extended by SystemC config.status 3.0.2, which was
generated by GNU Autoconf 2.71.  Invocation command line was

  CONFIG_FILES    = 
  CONFIG_HEADERS  = 
  CONFIG_LINKS    = 
  CONFIG_COMMANDS = 
  $ ./config.status 

on derekhome

config.status:1135: creating Makefile
config.status:1135: creating src/Makefile
config.status:1135: creating src/systemc.pc
config.status:1135: creating src/tlm.pc
config.status:1135: creating src/sysc/Makefile
config.status:1135: creating src/sysc/packages/qt/Makefile
config.status:1135: creating src/tlm_core/Makefile
config.status:1135: creating src/tlm_utils/Makefile
config.status:1135: creating examples/Makefile
config.status:1135: creating examples/sysc/Makefile
config.status:1135: creating examples/tlm/Makefile
config.status:1135: creating examples/tlm/common/Makefile
config.status:1135: creating docs/Makefile
config.status:1135: creating docs/sysc/doxygen/Doxyfile
config.status:1135: creating docs/tlm/doxygen/Doxyfile
config.status:1292: executing depfiles commands
config.status:1369: cd src       && sed -e '/# am--include-marker/d' Makefile         | make -f - am--depfiles
config.status:1374: $? = 0
config.status:1369: cd src/sysc       && sed -e '/# am--include-marker/d' Makefile         | make -f - am--depfiles
config.status:1374: $? = 0
config.status:1369: cd src/sysc/packages/qt       && sed -e '/# am--include-marker/d' Makefile         | make -f - am--depfiles
config.status:1374: $? = 0
config.status:1369: cd src/tlm_core       && sed -e '/# am--include-marker/d' Makefile         | make -f - am--depfiles
config.status:1374: $? = 0
config.status:1369: cd src/tlm_utils       && sed -e '/# am--include-marker/d' Makefile         | make -f - am--depfiles
config.status:1374: $? = 0
config.status:1369: cd examples/sysc       && sed -e '/# am--include-marker/d' Makefile         | make -f - am--depfiles
config.status:1374: $? = 0
config.status:1369: cd examples/tlm       && sed -e '/# am--include-marker/d' Makefile         | make -f - am--depfiles
config.status:1374: $? = 0
config.status:1369: cd examples/tlm/common       && sed -e '/# am--include-marker/d' Makefile         | make -f - am--depfiles
config.status:1374: $? = 0
config.status:1292: executing libtool commands
---------------------------------------------------------------------
Configuration summary of SystemC 3.0.2 for x86_64-unknown-linux-gnu
---------------------------------------------------------------------

 Directory setup (based on classic layout):
   Installation prefix (aka SYSTEMC_HOME):
      /usr/local/systemc
   Header files  : <SYSTEMC_HOME>/include
   Libraries     : <SYSTEMC_HOME>/lib-linux64
   Documentation : <SYSTEMC_HOME>/docs
   Examples      : <SYSTEMC_HOME>/examples

 Architecture    : linux64
 Compiler        : g++ (C/C++)
 
 Build settings:
   Enable compiler optimizations  : yes
   Include debugging symbols      : no
   Coroutine package for processes: QuickThreads
   Enable VCD scopes by default   : yes
 
---------------------------------------------------------------------

## ---------------- ##
## Cache variables. ##
## ---------------- ##

ac_cv_build=x86_64-unknown-linux-gnu
ac_cv_c_compiler_gnu=yes
ac_cv_cxx_compiler_gnu=yes
ac_cv_env_CCASFLAGS_set=
ac_cv_env_CCASFLAGS_value=
ac_cv_env_CCAS_set=
ac_cv_env_CCAS_value=
ac_cv_env_CCC_set=
ac_cv_env_CCC_value=
ac_cv_env_CC_set=
ac_cv_env_CC_value=
ac_cv_env_CFLAGS_set=
ac_cv_env_CFLAGS_value=
ac_cv_env_CPPFLAGS_set=
ac_cv_env_CPPFLAGS_value=
ac_cv_env_CXXCPP_set=
ac_cv_env_CXXCPP_value=
ac_cv_env_CXXFLAGS_set=
ac_cv_env_CXXFLAGS_value=
ac_cv_env_CXX_set=
ac_cv_env_CXX_value=
ac_cv_env_LDFLAGS_set=
ac_cv_env_LDFLAGS_value=
ac_cv_env_LIBS_set=
ac_cv_env_LIBS_value=
ac_cv_env_LT_SYS_LIBRARY_PATH_set=
ac_cv_env_LT_SYS_LIBRARY_PATH_value=
ac_cv_env_build_alias_set=
ac_cv_env_build_alias_value=
ac_cv_env_host_alias_set=
ac_cv_env_host_alias_value=
ac_cv_env_target_alias_set=
ac_cv_env_target_alias_value=
ac_cv_header_dlfcn_h=yes
ac_cv_header_inttypes_h=yes
ac_cv_header_stdint_h=yes
ac_cv_header_stdio_h=yes
ac_cv_header_stdlib_h=yes
ac_cv_header_string_h=yes
ac_cv_header_strings_h=yes
ac_cv_header_sys_stat_h=yes
ac_cv_header_sys_types_h=yes
ac_cv_header_unistd_h=yes
ac_cv_host=x86_64-unknown-linux-gnu
ac_cv_objext=o
ac_cv_path_EGREP='/usr/bin/grep -E'
ac_cv_path_FGREP='/usr/bin/grep -F'
ac_cv_path_GREP=/usr/bin/grep
ac_cv_path_SED=/usr/bin/sed
ac_cv_path_install='/usr/bin/install -c'
ac_cv_path_lt_DD=/usr/bin/dd
ac_cv_path_mkdir=/usr/bin/mkdir
ac_cv_prog_AWK=gawk
ac_cv_prog_CXXCPP='g++ -E'
ac_cv_prog_ac_ct_AR=ar
ac_cv_prog_ac_ct_CC=g++
ac_cv_prog_ac_ct_CXX=g++
ac_cv_prog_ac_ct_MANIFEST_TOOL=mt
ac_cv_prog_ac_ct_OBJDUMP=objdump
ac_cv_prog_ac_ct_RANLIB=ranlib
ac_cv_prog_ac_ct_STRIP=strip
ac_cv_prog_cc_c11=no
ac_cv_prog_cc_c89=no
ac_cv_prog_cc_c99=no
ac_cv_prog_cc_g=yes
ac_cv_prog_cxx_11=no
ac_cv_prog_cxx_cxx11=
ac_cv_prog_cxx_g=yes
ac_cv_prog_cxx_stdcxx=
ac_cv_prog_make_make_set=yes
ac_cv_target=x86_64-unknown-linux-gnu
am_cv_CCAS_dependencies_compiler_type=gcc3
am_cv_CC_dependencies_compiler_type=gcc3
am_cv_CXX_dependencies_compiler_type=gcc3
am_cv_ar_interface=ar
am_cv_make_support_nested_variables=yes
am_cv_prog_cc_c_o=yes
am_cv_prog_tar_pax=gnutar
ax_cv_PTHREAD_PRIO_INHERIT=yes
lt_cv_ar_at_file=@
lt_cv_archive_cmds_need_lc=no
lt_cv_deplibs_check_method=pass_all
lt_cv_file_magic_cmd='$MAGIC_CMD'
lt_cv_file_magic_test_file=
lt_cv_ld_reload_flag=-r
lt_cv_nm_interface='BSD nm'
lt_cv_objdir=.libs
lt_cv_path_LD=/usr/bin/ld
lt_cv_path_LDCXX='/usr/bin/ld -m elf_x86_64'
lt_cv_path_NM='/usr/bin/nm -B'
lt_cv_path_mainfest_tool=no
lt_cv_prog_compiler_c_o=yes
lt_cv_prog_compiler_c_o_CXX=yes
lt_cv_prog_compiler_pic='-fPIC -DPIC'
lt_cv_prog_compiler_pic_CXX='-fPIC -DPIC'
lt_cv_prog_compiler_pic_works=yes
lt_cv_prog_compiler_pic_works_CXX=yes
lt_cv_prog_compiler_rtti_exceptions=yes
lt_cv_prog_compiler_static_works=yes
lt_cv_prog_compiler_static_works_CXX=yes
lt_cv_prog_gnu_ld=yes
lt_cv_prog_gnu_ldcxx=yes
lt_cv_sharedlib_from_linklib_cmd='printf %s\n'
lt_cv_shlibpath_overrides_runpath=yes
lt_cv_sys_global_symbol_pipe='sed -n -e '\''s/^.*[	 ]\([ABCDGIRSTW][ABCDGIRSTW]*\)[	 ][	 ]*\([_A-Za-z][_A-Za-z0-9]*\)$/\1 \2 \2/p'\'' | sed '\''/ __gnu_lto/d'\'''
lt_cv_sys_global_symbol_to_c_name_address='sed -n -e '\''s/^: \(.*\) .*$/  {"\1", (void *) 0},/p'\'' -e '\''s/^[ABCDGIRSTW][ABCDGIRSTW]* .* \(.*\)$/  {"\1", (void *) \&\1},/p'\'''
lt_cv_sys_global_symbol_to_c_name_address_lib_prefix='sed -n -e '\''s/^: \(.*\) .*$/  {"\1", (void *) 0},/p'\'' -e '\''s/^[ABCDGIRSTW][ABCDGIRSTW]* .* \(lib.*\)$/  {"\1", (void *) \&\1},/p'\'' -e '\''s/^[ABCDGIRSTW][ABCDGIRSTW]* .* \(.*\)$/  {"lib\1", (void *) \&\1},/p'\'''
lt_cv_sys_global_symbol_to_cdecl='sed -n -e '\''s/^T .* \(.*\)$/extern int \1();/p'\'' -e '\''s/^[ABCDGIRSTW][ABCDGIRSTW]* .* \(.*\)$/extern char \1;/p'\'''
lt_cv_sys_global_symbol_to_import=
lt_cv_sys_max_cmd_len=1572864
lt_cv_to_host_file_cmd=func_convert_file_noop
lt_cv_to_tool_file_cmd=func_convert_file_noop
lt_cv_truncate_bin='/usr/bin/dd bs=4096 count=1'
sc_cv_clang=no
sc_cv_clangxx=no

## ----------------- ##
## Output variables. ##
## ----------------- ##

ACLOCAL='${SHELL} '\''/home/derek/biriscv/systemc-main/config/missing'\'' aclocal-1.16'
AMDEPBACKSLASH='\'
AMDEP_FALSE='#'
AMDEP_TRUE=''
AMTAR='$${TAR-tar}'
AM_BACKSLASH='\'
AM_DEFAULT_V='$(AM_DEFAULT_VERBOSITY)'
AM_DEFAULT_VERBOSITY='0'
AM_V='$(V)'
AR='ar'
AUTOCONF='${SHELL} '\''/home/derek/biriscv/systemc-main/config/missing'\'' autoconf'
AUTOHEADER='${SHELL} '\''/home/derek/biriscv/systemc-main/config/missing'\'' autoheader'
AUTOMAKE='${SHELL} '\''/home/derek/biriscv/systemc-main/config/missing'\'' automake-1.16'
AWK='gawk'
CC='g++'
CCAS='g++'
CCASDEPMODE='depmode=gcc3'
CCASFLAGS=''
CCDEPMODE='depmode=gcc3'
CFLAGS=''
CPPFLAGS=''
CSCOPE='cscope'
CTAGS='ctags'
CXX='g++'
CXXCPP='g++ -E'
CXXDEPMODE='depmode=gcc3'
CXXFLAGS=''
CYGPATH_W='echo'
DEBUG_CXXFLAGS='-g'
DEFS='-DPACKAGE_NAME=\"SystemC\" -DPACKAGE_TARNAME=\"systemc\" -DPACKAGE_VERSION=\"3.0.2\" -DPACKAGE_STRING=\"SystemC\ 3.0.2\" -DPACKAGE_BUGREPORT=\"http://forums.accellera.org/forum/9-systemc/\" -DPACKAGE_URL=\"http://accellera.org/\" -DHAVE_PTHREAD_PRIO_INHERIT=1 -DHAVE_PTHREAD=1 -DHAVE_STDIO_H=1 -DHAVE_STDLIB_H=1 -DHAVE_STRING_H=1 -DHAVE_INTTYPES_H=1 -DHAVE_STDINT_H=1 -DHAVE_STRINGS_H=1 -DHAVE_SYS_STAT_H=1 -DHAVE_SYS_TYPES_H=1 -DHAVE_UNISTD_H=1 -DSTDC_HEADERS=1 -DHAVE_DLFCN_H=1 -DLT_OBJDIR=\".libs/\"'
DEPDIR='.deps'
DISABLE_VCD_SCOPES_FALSE=''
DISABLE_VCD_SCOPES_TRUE='#'
DLLTOOL='false'
DSYMUTIL=''
DUMPBIN=''
ECHO_C=''
ECHO_N='-n'
ECHO_T=''
EGREP='/usr/bin/grep -E'
ETAGS='etags'
EXEEXT=''
EXPLICIT_LPTHREAD='-lpthread'
EXTRA_ASFLAGS='-xassembler-with-cpp -m64'
EXTRA_CFLAGS='-Wall -m64 -xc'
EXTRA_CXXFLAGS='-Wall -m64'
EXTRA_LDFLAGS=''
FGREP='/usr/bin/grep -F'
GREP='/usr/bin/grep'
INSTALL_DATA='${INSTALL} -m 644'
INSTALL_PROGRAM='${INSTALL}'
INSTALL_SCRIPT='${INSTALL}'
INSTALL_STRIP_PROGRAM='$(install_sh) -c -s'
LD='/usr/bin/ld -m elf_x86_64'
LDFLAGS=''
LDFLAG_RPATH='-Wl,-rpath='
LIBOBJS=''
LIBS=''
LIBTOOL='$(SHELL) $(top_builddir)/libtool'
LIB_ARCH_SUFFIX='-${TARGET_ARCH}'
LIPO=''
LN_S='ln -s'
LTLIBOBJS=''
LT_SYS_LIBRARY_PATH=''
MAKEINFO='${SHELL} '\''/home/derek/biriscv/systemc-main/config/missing'\'' makeinfo'
MANIFEST_TOOL=':'
MKDIR_P='/usr/bin/mkdir -p'
NM='/usr/bin/nm -B'
NMEDIT=''
OBJDUMP='objdump'
OBJEXT='o'
OPT_CXXFLAGS='-O3'
OTOOL64=''
OTOOL=''
PACKAGE='systemc'
PACKAGE_BUGREPORT='http://forums.accellera.org/forum/9-systemc/'
PACKAGE_NAME='SystemC'
PACKAGE_STRING='SystemC 3.0.2'
PACKAGE_TARNAME='systemc'
PACKAGE_URL='http://accellera.org/'
PACKAGE_VERSION='3.0.2'
PATH_SEPARATOR=':'
PKGCONFIG_CFLAGS=''
PKGCONFIG_DEFINES=''
PKGCONFIG_LDPRIV=''
PTHREAD_CC='g++'
PTHREAD_CFLAGS=''
PTHREAD_LIBS=''
QT_ARCH='x86_64'
QT_ARCH_AARCH64_FALSE=''
QT_ARCH_AARCH64_TRUE='#'
QT_ARCH_X86_64_FALSE='#'
QT_ARCH_X86_64_TRUE=''
QT_ARCH_X86_FALSE=''
QT_ARCH_X86_TRUE='#'
RANLIB='ranlib'
SED='/usr/bin/sed'
SEPARATE_BUILD_TREE_FALSE='#'
SEPARATE_BUILD_TREE_TRUE=''
SEPARATE_INSTALL_TREE_FALSE='#'
SEPARATE_INSTALL_TREE_TRUE=''
SET_MAKE=''
SHELL='/bin/bash'
STRIP='strip'
TARGET_ARCH='linux64'
TLM_PACKAGE_VERSION='2.0.6'
USES_PTHREADS_LIB_FALSE=''
USES_PTHREADS_LIB_TRUE='#'
VERSION='3.0.2'
WANT_DEBUG_FALSE=''
WANT_DEBUG_TRUE='#'
WANT_OPTIMIZE_FALSE='#'
WANT_OPTIMIZE_TRUE=''
WANT_PTHREADS_THREADS_FALSE=''
WANT_PTHREADS_THREADS_TRUE='#'
WANT_QT_THREADS_FALSE='#'
WANT_QT_THREADS_TRUE=''
WANT_STD_THREADS_THREADS_FALSE=''
WANT_STD_THREADS_THREADS_TRUE='#'
ac_ct_AR='ar'
ac_ct_CC='g++'
ac_ct_CXX='g++'
ac_ct_DUMPBIN=''
am__EXEEXT_FALSE=''
am__EXEEXT_TRUE='#'
am__fastdepCCAS_FALSE='#'
am__fastdepCCAS_TRUE=''
am__fastdepCC_FALSE='#'
am__fastdepCC_TRUE=''
am__fastdepCXX_FALSE='#'
am__fastdepCXX_TRUE=''
am__include='include'
am__isrc=' -I$(srcdir)'
am__leading_dot='.'
am__nodep='_no'
am__quote=''
am__tar='tar --format=posix -chf - "$$tardir"'
am__untar='tar -xf -'
ax_pthread_config=''
bindir='${exec_prefix}/bin'
build='x86_64-unknown-linux-gnu'
build_alias=''
build_cpu='x86_64'
build_os='linux-gnu'
build_vendor='unknown'
datadir='${prefix}'
datarootdir='${prefix}'
docdir='${prefix}/docs'
dvidir='${docdir}'
examplesdir='${rootdocdir}/examples'
exec_prefix='${prefix}'
host='x86_64-unknown-linux-gnu'
host_alias=''
host_cpu='x86_64'
host_os='linux-gnu'
host_vendor='unknown'
htmldir='${docdir}'
includedir='${prefix}/include'
infodir='${datarootdir}/info'
install_sh='${SHELL} /home/derek/biriscv/systemc-main/config/install-sh'
libarchdir='${libdir}${LIB_ARCH_SUFFIX}'
libdir='${exec_prefix}/lib'
libexecdir='${exec_prefix}/libexec'
localedir='${datarootdir}/locale'
localstatedir='${prefix}/var'
mandir='${datarootdir}/man'
mkdir_p='$(MKDIR_P)'
oldincludedir='/usr/include'
pdfdir='${docdir}'
prefix='/usr/local/systemc'
program_transform_name='s,x,x,'
psdir='${docdir}'
rootdocdir='${prefix}'
runstatedir='${localstatedir}/run'
sbindir='${exec_prefix}/sbin'
sharedstatedir='${prefix}/com'
sysconfdir='${prefix}/etc'
target='x86_64-unknown-linux-gnu'
target_alias=''
target_cpu='x86_64'
target_os='linux-gnu'
target_vendor='unknown'

## ----------- ##
## confdefs.h. ##
## ----------- ##

/* confdefs.h */
#define PACKAGE_NAME "SystemC"
#define PACKAGE_TARNAME "systemc"
#define PACKAGE_VERSION "3.0.2"
#define PACKAGE_STRING "SystemC 3.0.2"
#define PACKAGE_BUGREPORT "http://forums.accellera.org/forum/9-systemc/"
#define PACKAGE_URL "http://accellera.org/"
#define HAVE_PTHREAD_PRIO_INHERIT 1
#define HAVE_PTHREAD 1
#define HAVE_STDIO_H 1
#define HAVE_STDLIB_H 1
#define HAVE_STRING_H 1
#define HAVE_INTTYPES_H 1
#define HAVE_STDINT_H 1
#define HAVE_STRINGS_H 1
#define HAVE_SYS_STAT_H 1
#define HAVE_SYS_TYPES_H 1
#define HAVE_UNISTD_H 1
#define STDC_HEADERS 1
#define HAVE_DLFCN_H 1
#define LT_OBJDIR ".libs/"

configure: exit 0
